filename,gender,emotion,intensity,actor_id
data/processed/ravdess\03-01-01-01-01-01-01.wav,male,neutral,normal,01
data/processed/ravdess\03-01-01-01-01-01-02.wav,female,neutral,normal,02
data/processed/ravdess\03-01-01-01-01-01-03.wav,male,neutral,normal,03
data/processed/ravdess\03-01-01-01-01-01-04.wav,female,neutral,normal,04
data/processed/ravdess\03-01-01-01-01-01-05.wav,male,neutral,normal,05
data/processed/ravdess\03-01-01-01-01-01-06.wav,female,neutral,normal,06
data/processed/ravdess\03-01-01-01-01-01-07.wav,male,neutral,normal,07
data/processed/ravdess\03-01-01-01-01-01-08.wav,female,neutral,normal,08
data/processed/ravdess\03-01-01-01-01-01-09.wav,male,neutral,normal,09
data/processed/ravdess\03-01-01-01-01-01-10.wav,female,neutral,normal,10
data/processed/ravdess\03-01-01-01-01-01-11.wav,male,neutral,normal,11
data/processed/ravdess\03-01-01-01-01-01-12.wav,female,neutral,normal,12
data/processed/ravdess\03-01-01-01-01-01-13.wav,male,neutral,normal,13
data/processed/ravdess\03-01-01-01-01-01-14.wav,female,neutral,normal,14
data/processed/ravdess\03-01-01-01-01-01-15.wav,male,neutral,normal,15
data/processed/ravdess\03-01-01-01-01-01-16.wav,female,neutral,normal,16
data/processed/ravdess\03-01-01-01-01-01-17.wav,male,neutral,normal,17
data/processed/ravdess\03-01-01-01-01-01-18.wav,female,neutral,normal,18
data/processed/ravdess\03-01-01-01-01-01-19.wav,male,neutral,normal,19
data/processed/ravdess\03-01-01-01-01-01-20.wav,female,neutral,normal,20
data/processed/ravdess\03-01-01-01-01-01-21.wav,male,neutral,normal,21
data/processed/ravdess\03-01-01-01-01-01-22.wav,female,neutral,normal,22
data/processed/ravdess\03-01-01-01-01-01-23.wav,male,neutral,normal,23
data/processed/ravdess\03-01-01-01-01-01-24.wav,female,neutral,normal,24
data/processed/ravdess\03-01-01-01-01-02-01.wav,male,neutral,normal,01
data/processed/ravdess\03-01-01-01-01-02-02.wav,female,neutral,normal,02
data/processed/ravdess\03-01-01-01-01-02-03.wav,male,neutral,normal,03
data/processed/ravdess\03-01-01-01-01-02-04.wav,female,neutral,normal,04
data/processed/ravdess\03-01-01-01-01-02-05.wav,male,neutral,normal,05
data/processed/ravdess\03-01-01-01-01-02-06.wav,female,neutral,normal,06
data/processed/ravdess\03-01-01-01-01-02-07.wav,male,neutral,normal,07
data/processed/ravdess\03-01-01-01-01-02-08.wav,female,neutral,normal,08
data/processed/ravdess\03-01-01-01-01-02-09.wav,male,neutral,normal,09
data/processed/ravdess\03-01-01-01-01-02-10.wav,female,neutral,normal,10
data/processed/ravdess\03-01-01-01-01-02-11.wav,male,neutral,normal,11
data/processed/ravdess\03-01-01-01-01-02-12.wav,female,neutral,normal,12
data/processed/ravdess\03-01-01-01-01-02-13.wav,male,neutral,normal,13
data/processed/ravdess\03-01-01-01-01-02-14.wav,female,neutral,normal,14
data/processed/ravdess\03-01-01-01-01-02-15.wav,male,neutral,normal,15
data/processed/ravdess\03-01-01-01-01-02-16.wav,female,neutral,normal,16
data/processed/ravdess\03-01-01-01-01-02-17.wav,male,neutral,normal,17
data/processed/ravdess\03-01-01-01-01-02-18.wav,female,neutral,normal,18
data/processed/ravdess\03-01-01-01-01-02-19.wav,male,neutral,normal,19
data/processed/ravdess\03-01-01-01-01-02-20.wav,female,neutral,normal,20
data/processed/ravdess\03-01-01-01-01-02-21.wav,male,neutral,normal,21
data/processed/ravdess\03-01-01-01-01-02-22.wav,female,neutral,normal,22
data/processed/ravdess\03-01-01-01-01-02-23.wav,male,neutral,normal,23
data/processed/ravdess\03-01-01-01-01-02-24.wav,female,neutral,normal,24
data/processed/ravdess\03-01-01-01-02-01-01.wav,male,neutral,normal,01
data/processed/ravdess\03-01-01-01-02-01-02.wav,female,neutral,normal,02
data/processed/ravdess\03-01-01-01-02-01-03.wav,male,neutral,normal,03
data/processed/ravdess\03-01-01-01-02-01-04.wav,female,neutral,normal,04
data/processed/ravdess\03-01-01-01-02-01-05.wav,male,neutral,normal,05
data/processed/ravdess\03-01-01-01-02-01-06.wav,female,neutral,normal,06
data/processed/ravdess\03-01-01-01-02-01-07.wav,male,neutral,normal,07
data/processed/ravdess\03-01-01-01-02-01-08.wav,female,neutral,normal,08
data/processed/ravdess\03-01-01-01-02-01-09.wav,male,neutral,normal,09
data/processed/ravdess\03-01-01-01-02-01-10.wav,female,neutral,normal,10
data/processed/ravdess\03-01-01-01-02-01-11.wav,male,neutral,normal,11
data/processed/ravdess\03-01-01-01-02-01-12.wav,female,neutral,normal,12
data/processed/ravdess\03-01-01-01-02-01-13.wav,male,neutral,normal,13
data/processed/ravdess\03-01-01-01-02-01-14.wav,female,neutral,normal,14
data/processed/ravdess\03-01-01-01-02-01-15.wav,male,neutral,normal,15
data/processed/ravdess\03-01-01-01-02-01-16.wav,female,neutral,normal,16
data/processed/ravdess\03-01-01-01-02-01-17.wav,male,neutral,normal,17
data/processed/ravdess\03-01-01-01-02-01-18.wav,female,neutral,normal,18
data/processed/ravdess\03-01-01-01-02-01-19.wav,male,neutral,normal,19
data/processed/ravdess\03-01-01-01-02-01-20.wav,female,neutral,normal,20
data/processed/ravdess\03-01-01-01-02-01-21.wav,male,neutral,normal,21
data/processed/ravdess\03-01-01-01-02-01-22.wav,female,neutral,normal,22
data/processed/ravdess\03-01-01-01-02-01-23.wav,male,neutral,normal,23
data/processed/ravdess\03-01-01-01-02-01-24.wav,female,neutral,normal,24
data/processed/ravdess\03-01-01-01-02-02-01.wav,male,neutral,normal,01
data/processed/ravdess\03-01-01-01-02-02-02.wav,female,neutral,normal,02
data/processed/ravdess\03-01-01-01-02-02-03.wav,male,neutral,normal,03
data/processed/ravdess\03-01-01-01-02-02-04.wav,female,neutral,normal,04
data/processed/ravdess\03-01-01-01-02-02-05.wav,male,neutral,normal,05
data/processed/ravdess\03-01-01-01-02-02-06.wav,female,neutral,normal,06
data/processed/ravdess\03-01-01-01-02-02-07.wav,male,neutral,normal,07
data/processed/ravdess\03-01-01-01-02-02-08.wav,female,neutral,normal,08
data/processed/ravdess\03-01-01-01-02-02-09.wav,male,neutral,normal,09
data/processed/ravdess\03-01-01-01-02-02-10.wav,female,neutral,normal,10
data/processed/ravdess\03-01-01-01-02-02-11.wav,male,neutral,normal,11
data/processed/ravdess\03-01-01-01-02-02-12.wav,female,neutral,normal,12
data/processed/ravdess\03-01-01-01-02-02-13.wav,male,neutral,normal,13
data/processed/ravdess\03-01-01-01-02-02-14.wav,female,neutral,normal,14
data/processed/ravdess\03-01-01-01-02-02-15.wav,male,neutral,normal,15
data/processed/ravdess\03-01-01-01-02-02-16.wav,female,neutral,normal,16
data/processed/ravdess\03-01-01-01-02-02-17.wav,male,neutral,normal,17
data/processed/ravdess\03-01-01-01-02-02-18.wav,female,neutral,normal,18
data/processed/ravdess\03-01-01-01-02-02-19.wav,male,neutral,normal,19
data/processed/ravdess\03-01-01-01-02-02-20.wav,female,neutral,normal,20
data/processed/ravdess\03-01-01-01-02-02-21.wav,male,neutral,normal,21
data/processed/ravdess\03-01-01-01-02-02-22.wav,female,neutral,normal,22
data/processed/ravdess\03-01-01-01-02-02-23.wav,male,neutral,normal,23
data/processed/ravdess\03-01-01-01-02-02-24.wav,female,neutral,normal,24
data/processed/ravdess\03-01-02-01-01-01-01.wav,male,calm,normal,01
data/processed/ravdess\03-01-02-01-01-01-02.wav,female,calm,normal,02
data/processed/ravdess\03-01-02-01-01-01-03.wav,male,calm,normal,03
data/processed/ravdess\03-01-02-01-01-01-04.wav,female,calm,normal,04
data/processed/ravdess\03-01-02-01-01-01-05.wav,male,calm,normal,05
data/processed/ravdess\03-01-02-01-01-01-06.wav,female,calm,normal,06
data/processed/ravdess\03-01-02-01-01-01-07.wav,male,calm,normal,07
data/processed/ravdess\03-01-02-01-01-01-08.wav,female,calm,normal,08
data/processed/ravdess\03-01-02-01-01-01-09.wav,male,calm,normal,09
data/processed/ravdess\03-01-02-01-01-01-10.wav,female,calm,normal,10
data/processed/ravdess\03-01-02-01-01-01-11.wav,male,calm,normal,11
data/processed/ravdess\03-01-02-01-01-01-12.wav,female,calm,normal,12
data/processed/ravdess\03-01-02-01-01-01-13.wav,male,calm,normal,13
data/processed/ravdess\03-01-02-01-01-01-14.wav,female,calm,normal,14
data/processed/ravdess\03-01-02-01-01-01-15.wav,male,calm,normal,15
data/processed/ravdess\03-01-02-01-01-01-16.wav,female,calm,normal,16
data/processed/ravdess\03-01-02-01-01-01-17.wav,male,calm,normal,17
data/processed/ravdess\03-01-02-01-01-01-18.wav,female,calm,normal,18
data/processed/ravdess\03-01-02-01-01-01-19.wav,male,calm,normal,19
data/processed/ravdess\03-01-02-01-01-01-20.wav,female,calm,normal,20
data/processed/ravdess\03-01-02-01-01-01-21.wav,male,calm,normal,21
data/processed/ravdess\03-01-02-01-01-01-22.wav,female,calm,normal,22
data/processed/ravdess\03-01-02-01-01-01-23.wav,male,calm,normal,23
data/processed/ravdess\03-01-02-01-01-01-24.wav,female,calm,normal,24
data/processed/ravdess\03-01-02-01-01-02-01.wav,male,calm,normal,01
data/processed/ravdess\03-01-02-01-01-02-02.wav,female,calm,normal,02
data/processed/ravdess\03-01-02-01-01-02-03.wav,male,calm,normal,03
data/processed/ravdess\03-01-02-01-01-02-04.wav,female,calm,normal,04
data/processed/ravdess\03-01-02-01-01-02-05.wav,male,calm,normal,05
data/processed/ravdess\03-01-02-01-01-02-06.wav,female,calm,normal,06
data/processed/ravdess\03-01-02-01-01-02-07.wav,male,calm,normal,07
data/processed/ravdess\03-01-02-01-01-02-08.wav,female,calm,normal,08
data/processed/ravdess\03-01-02-01-01-02-09.wav,male,calm,normal,09
data/processed/ravdess\03-01-02-01-01-02-10.wav,female,calm,normal,10
data/processed/ravdess\03-01-02-01-01-02-11.wav,male,calm,normal,11
data/processed/ravdess\03-01-02-01-01-02-12.wav,female,calm,normal,12
data/processed/ravdess\03-01-02-01-01-02-13.wav,male,calm,normal,13
data/processed/ravdess\03-01-02-01-01-02-14.wav,female,calm,normal,14
data/processed/ravdess\03-01-02-01-01-02-15.wav,male,calm,normal,15
data/processed/ravdess\03-01-02-01-01-02-16.wav,female,calm,normal,16
data/processed/ravdess\03-01-02-01-01-02-17.wav,male,calm,normal,17
data/processed/ravdess\03-01-02-01-01-02-18.wav,female,calm,normal,18
data/processed/ravdess\03-01-02-01-01-02-19.wav,male,calm,normal,19
data/processed/ravdess\03-01-02-01-01-02-20.wav,female,calm,normal,20
data/processed/ravdess\03-01-02-01-01-02-21.wav,male,calm,normal,21
data/processed/ravdess\03-01-02-01-01-02-22.wav,female,calm,normal,22
data/processed/ravdess\03-01-02-01-01-02-23.wav,male,calm,normal,23
data/processed/ravdess\03-01-02-01-01-02-24.wav,female,calm,normal,24
data/processed/ravdess\03-01-02-01-02-01-01.wav,male,calm,normal,01
data/processed/ravdess\03-01-02-01-02-01-02.wav,female,calm,normal,02
data/processed/ravdess\03-01-02-01-02-01-03.wav,male,calm,normal,03
data/processed/ravdess\03-01-02-01-02-01-04.wav,female,calm,normal,04
data/processed/ravdess\03-01-02-01-02-01-05.wav,male,calm,normal,05
data/processed/ravdess\03-01-02-01-02-01-06.wav,female,calm,normal,06
data/processed/ravdess\03-01-02-01-02-01-07.wav,male,calm,normal,07
data/processed/ravdess\03-01-02-01-02-01-08.wav,female,calm,normal,08
data/processed/ravdess\03-01-02-01-02-01-09.wav,male,calm,normal,09
data/processed/ravdess\03-01-02-01-02-01-10.wav,female,calm,normal,10
data/processed/ravdess\03-01-02-01-02-01-11.wav,male,calm,normal,11
data/processed/ravdess\03-01-02-01-02-01-12.wav,female,calm,normal,12
data/processed/ravdess\03-01-02-01-02-01-13.wav,male,calm,normal,13
data/processed/ravdess\03-01-02-01-02-01-14.wav,female,calm,normal,14
data/processed/ravdess\03-01-02-01-02-01-15.wav,male,calm,normal,15
data/processed/ravdess\03-01-02-01-02-01-16.wav,female,calm,normal,16
data/processed/ravdess\03-01-02-01-02-01-17.wav,male,calm,normal,17
data/processed/ravdess\03-01-02-01-02-01-18.wav,female,calm,normal,18
data/processed/ravdess\03-01-02-01-02-01-19.wav,male,calm,normal,19
data/processed/ravdess\03-01-02-01-02-01-20.wav,female,calm,normal,20
data/processed/ravdess\03-01-02-01-02-01-21.wav,male,calm,normal,21
data/processed/ravdess\03-01-02-01-02-01-22.wav,female,calm,normal,22
data/processed/ravdess\03-01-02-01-02-01-23.wav,male,calm,normal,23
data/processed/ravdess\03-01-02-01-02-01-24.wav,female,calm,normal,24
data/processed/ravdess\03-01-02-01-02-02-01.wav,male,calm,normal,01
data/processed/ravdess\03-01-02-01-02-02-02.wav,female,calm,normal,02
data/processed/ravdess\03-01-02-01-02-02-03.wav,male,calm,normal,03
data/processed/ravdess\03-01-02-01-02-02-04.wav,female,calm,normal,04
data/processed/ravdess\03-01-02-01-02-02-05.wav,male,calm,normal,05
data/processed/ravdess\03-01-02-01-02-02-06.wav,female,calm,normal,06
data/processed/ravdess\03-01-02-01-02-02-07.wav,male,calm,normal,07
data/processed/ravdess\03-01-02-01-02-02-08.wav,female,calm,normal,08
data/processed/ravdess\03-01-02-01-02-02-09.wav,male,calm,normal,09
data/processed/ravdess\03-01-02-01-02-02-10.wav,female,calm,normal,10
data/processed/ravdess\03-01-02-01-02-02-11.wav,male,calm,normal,11
data/processed/ravdess\03-01-02-01-02-02-12.wav,female,calm,normal,12
data/processed/ravdess\03-01-02-01-02-02-13.wav,male,calm,normal,13
data/processed/ravdess\03-01-02-01-02-02-14.wav,female,calm,normal,14
data/processed/ravdess\03-01-02-01-02-02-15.wav,male,calm,normal,15
data/processed/ravdess\03-01-02-01-02-02-16.wav,female,calm,normal,16
data/processed/ravdess\03-01-02-01-02-02-17.wav,male,calm,normal,17
data/processed/ravdess\03-01-02-01-02-02-18.wav,female,calm,normal,18
data/processed/ravdess\03-01-02-01-02-02-19.wav,male,calm,normal,19
data/processed/ravdess\03-01-02-01-02-02-20.wav,female,calm,normal,20
data/processed/ravdess\03-01-02-01-02-02-21.wav,male,calm,normal,21
data/processed/ravdess\03-01-02-01-02-02-22.wav,female,calm,normal,22
data/processed/ravdess\03-01-02-01-02-02-23.wav,male,calm,normal,23
data/processed/ravdess\03-01-02-01-02-02-24.wav,female,calm,normal,24
data/processed/ravdess\03-01-02-02-01-01-01.wav,male,calm,strong,01
data/processed/ravdess\03-01-02-02-01-01-02.wav,female,calm,strong,02
data/processed/ravdess\03-01-02-02-01-01-03.wav,male,calm,strong,03
data/processed/ravdess\03-01-02-02-01-01-04.wav,female,calm,strong,04
data/processed/ravdess\03-01-02-02-01-01-05.wav,male,calm,strong,05
data/processed/ravdess\03-01-02-02-01-01-06.wav,female,calm,strong,06
data/processed/ravdess\03-01-02-02-01-01-07.wav,male,calm,strong,07
data/processed/ravdess\03-01-02-02-01-01-08.wav,female,calm,strong,08
data/processed/ravdess\03-01-02-02-01-01-09.wav,male,calm,strong,09
data/processed/ravdess\03-01-02-02-01-01-10.wav,female,calm,strong,10
data/processed/ravdess\03-01-02-02-01-01-11.wav,male,calm,strong,11
data/processed/ravdess\03-01-02-02-01-01-12.wav,female,calm,strong,12
data/processed/ravdess\03-01-02-02-01-01-13.wav,male,calm,strong,13
data/processed/ravdess\03-01-02-02-01-01-14.wav,female,calm,strong,14
data/processed/ravdess\03-01-02-02-01-01-15.wav,male,calm,strong,15
data/processed/ravdess\03-01-02-02-01-01-16.wav,female,calm,strong,16
data/processed/ravdess\03-01-02-02-01-01-17.wav,male,calm,strong,17
data/processed/ravdess\03-01-02-02-01-01-18.wav,female,calm,strong,18
data/processed/ravdess\03-01-02-02-01-01-19.wav,male,calm,strong,19
data/processed/ravdess\03-01-02-02-01-01-20.wav,female,calm,strong,20
data/processed/ravdess\03-01-02-02-01-01-21.wav,male,calm,strong,21
data/processed/ravdess\03-01-02-02-01-01-22.wav,female,calm,strong,22
data/processed/ravdess\03-01-02-02-01-01-23.wav,male,calm,strong,23
data/processed/ravdess\03-01-02-02-01-01-24.wav,female,calm,strong,24
data/processed/ravdess\03-01-02-02-01-02-01.wav,male,calm,strong,01
data/processed/ravdess\03-01-02-02-01-02-02.wav,female,calm,strong,02
data/processed/ravdess\03-01-02-02-01-02-03.wav,male,calm,strong,03
data/processed/ravdess\03-01-02-02-01-02-04.wav,female,calm,strong,04
data/processed/ravdess\03-01-02-02-01-02-05.wav,male,calm,strong,05
data/processed/ravdess\03-01-02-02-01-02-06.wav,female,calm,strong,06
data/processed/ravdess\03-01-02-02-01-02-07.wav,male,calm,strong,07
data/processed/ravdess\03-01-02-02-01-02-08.wav,female,calm,strong,08
data/processed/ravdess\03-01-02-02-01-02-09.wav,male,calm,strong,09
data/processed/ravdess\03-01-02-02-01-02-10.wav,female,calm,strong,10
data/processed/ravdess\03-01-02-02-01-02-11.wav,male,calm,strong,11
data/processed/ravdess\03-01-02-02-01-02-12.wav,female,calm,strong,12
data/processed/ravdess\03-01-02-02-01-02-13.wav,male,calm,strong,13
data/processed/ravdess\03-01-02-02-01-02-14.wav,female,calm,strong,14
data/processed/ravdess\03-01-02-02-01-02-15.wav,male,calm,strong,15
data/processed/ravdess\03-01-02-02-01-02-16.wav,female,calm,strong,16
data/processed/ravdess\03-01-02-02-01-02-17.wav,male,calm,strong,17
data/processed/ravdess\03-01-02-02-01-02-18.wav,female,calm,strong,18
data/processed/ravdess\03-01-02-02-01-02-19.wav,male,calm,strong,19
data/processed/ravdess\03-01-02-02-01-02-20.wav,female,calm,strong,20
data/processed/ravdess\03-01-02-02-01-02-21.wav,male,calm,strong,21
data/processed/ravdess\03-01-02-02-01-02-22.wav,female,calm,strong,22
data/processed/ravdess\03-01-02-02-01-02-23.wav,male,calm,strong,23
data/processed/ravdess\03-01-02-02-01-02-24.wav,female,calm,strong,24
data/processed/ravdess\03-01-02-02-02-01-01.wav,male,calm,strong,01
data/processed/ravdess\03-01-02-02-02-01-02.wav,female,calm,strong,02
data/processed/ravdess\03-01-02-02-02-01-03.wav,male,calm,strong,03
data/processed/ravdess\03-01-02-02-02-01-04.wav,female,calm,strong,04
data/processed/ravdess\03-01-02-02-02-01-05.wav,male,calm,strong,05
data/processed/ravdess\03-01-02-02-02-01-06.wav,female,calm,strong,06
data/processed/ravdess\03-01-02-02-02-01-07.wav,male,calm,strong,07
data/processed/ravdess\03-01-02-02-02-01-08.wav,female,calm,strong,08
data/processed/ravdess\03-01-02-02-02-01-09.wav,male,calm,strong,09
data/processed/ravdess\03-01-02-02-02-01-10.wav,female,calm,strong,10
data/processed/ravdess\03-01-02-02-02-01-11.wav,male,calm,strong,11
data/processed/ravdess\03-01-02-02-02-01-12.wav,female,calm,strong,12
data/processed/ravdess\03-01-02-02-02-01-13.wav,male,calm,strong,13
data/processed/ravdess\03-01-02-02-02-01-14.wav,female,calm,strong,14
data/processed/ravdess\03-01-02-02-02-01-15.wav,male,calm,strong,15
data/processed/ravdess\03-01-02-02-02-01-16.wav,female,calm,strong,16
data/processed/ravdess\03-01-02-02-02-01-17.wav,male,calm,strong,17
data/processed/ravdess\03-01-02-02-02-01-18.wav,female,calm,strong,18
data/processed/ravdess\03-01-02-02-02-01-19.wav,male,calm,strong,19
data/processed/ravdess\03-01-02-02-02-01-20.wav,female,calm,strong,20
data/processed/ravdess\03-01-02-02-02-01-21.wav,male,calm,strong,21
data/processed/ravdess\03-01-02-02-02-01-22.wav,female,calm,strong,22
data/processed/ravdess\03-01-02-02-02-01-23.wav,male,calm,strong,23
data/processed/ravdess\03-01-02-02-02-01-24.wav,female,calm,strong,24
data/processed/ravdess\03-01-02-02-02-02-01.wav,male,calm,strong,01
data/processed/ravdess\03-01-02-02-02-02-02.wav,female,calm,strong,02
data/processed/ravdess\03-01-02-02-02-02-03.wav,male,calm,strong,03
data/processed/ravdess\03-01-02-02-02-02-04.wav,female,calm,strong,04
data/processed/ravdess\03-01-02-02-02-02-05.wav,male,calm,strong,05
data/processed/ravdess\03-01-02-02-02-02-06.wav,female,calm,strong,06
data/processed/ravdess\03-01-02-02-02-02-07.wav,male,calm,strong,07
data/processed/ravdess\03-01-02-02-02-02-08.wav,female,calm,strong,08
data/processed/ravdess\03-01-02-02-02-02-09.wav,male,calm,strong,09
data/processed/ravdess\03-01-02-02-02-02-10.wav,female,calm,strong,10
data/processed/ravdess\03-01-02-02-02-02-11.wav,male,calm,strong,11
data/processed/ravdess\03-01-02-02-02-02-12.wav,female,calm,strong,12
data/processed/ravdess\03-01-02-02-02-02-13.wav,male,calm,strong,13
data/processed/ravdess\03-01-02-02-02-02-14.wav,female,calm,strong,14
data/processed/ravdess\03-01-02-02-02-02-15.wav,male,calm,strong,15
data/processed/ravdess\03-01-02-02-02-02-16.wav,female,calm,strong,16
data/processed/ravdess\03-01-02-02-02-02-17.wav,male,calm,strong,17
data/processed/ravdess\03-01-02-02-02-02-18.wav,female,calm,strong,18
data/processed/ravdess\03-01-02-02-02-02-19.wav,male,calm,strong,19
data/processed/ravdess\03-01-02-02-02-02-20.wav,female,calm,strong,20
data/processed/ravdess\03-01-02-02-02-02-21.wav,male,calm,strong,21
data/processed/ravdess\03-01-02-02-02-02-22.wav,female,calm,strong,22
data/processed/ravdess\03-01-02-02-02-02-23.wav,male,calm,strong,23
data/processed/ravdess\03-01-02-02-02-02-24.wav,female,calm,strong,24
data/processed/ravdess\03-01-03-01-01-01-01.wav,male,happy,normal,01
data/processed/ravdess\03-01-03-01-01-01-02.wav,female,happy,normal,02
data/processed/ravdess\03-01-03-01-01-01-03.wav,male,happy,normal,03
data/processed/ravdess\03-01-03-01-01-01-04.wav,female,happy,normal,04
data/processed/ravdess\03-01-03-01-01-01-05.wav,male,happy,normal,05
data/processed/ravdess\03-01-03-01-01-01-06.wav,female,happy,normal,06
data/processed/ravdess\03-01-03-01-01-01-07.wav,male,happy,normal,07
data/processed/ravdess\03-01-03-01-01-01-08.wav,female,happy,normal,08
data/processed/ravdess\03-01-03-01-01-01-09.wav,male,happy,normal,09
data/processed/ravdess\03-01-03-01-01-01-10.wav,female,happy,normal,10
data/processed/ravdess\03-01-03-01-01-01-11.wav,male,happy,normal,11
data/processed/ravdess\03-01-03-01-01-01-12.wav,female,happy,normal,12
data/processed/ravdess\03-01-03-01-01-01-13.wav,male,happy,normal,13
data/processed/ravdess\03-01-03-01-01-01-14.wav,female,happy,normal,14
data/processed/ravdess\03-01-03-01-01-01-15.wav,male,happy,normal,15
data/processed/ravdess\03-01-03-01-01-01-16.wav,female,happy,normal,16
data/processed/ravdess\03-01-03-01-01-01-17.wav,male,happy,normal,17
data/processed/ravdess\03-01-03-01-01-01-18.wav,female,happy,normal,18
data/processed/ravdess\03-01-03-01-01-01-19.wav,male,happy,normal,19
data/processed/ravdess\03-01-03-01-01-01-20.wav,female,happy,normal,20
data/processed/ravdess\03-01-03-01-01-01-21.wav,male,happy,normal,21
data/processed/ravdess\03-01-03-01-01-01-22.wav,female,happy,normal,22
data/processed/ravdess\03-01-03-01-01-01-23.wav,male,happy,normal,23
data/processed/ravdess\03-01-03-01-01-01-24.wav,female,happy,normal,24
data/processed/ravdess\03-01-03-01-01-02-01.wav,male,happy,normal,01
data/processed/ravdess\03-01-03-01-01-02-02.wav,female,happy,normal,02
data/processed/ravdess\03-01-03-01-01-02-03.wav,male,happy,normal,03
data/processed/ravdess\03-01-03-01-01-02-04.wav,female,happy,normal,04
data/processed/ravdess\03-01-03-01-01-02-05.wav,male,happy,normal,05
data/processed/ravdess\03-01-03-01-01-02-06.wav,female,happy,normal,06
data/processed/ravdess\03-01-03-01-01-02-07.wav,male,happy,normal,07
data/processed/ravdess\03-01-03-01-01-02-08.wav,female,happy,normal,08
data/processed/ravdess\03-01-03-01-01-02-09.wav,male,happy,normal,09
data/processed/ravdess\03-01-03-01-01-02-10.wav,female,happy,normal,10
data/processed/ravdess\03-01-03-01-01-02-11.wav,male,happy,normal,11
data/processed/ravdess\03-01-03-01-01-02-12.wav,female,happy,normal,12
data/processed/ravdess\03-01-03-01-01-02-13.wav,male,happy,normal,13
data/processed/ravdess\03-01-03-01-01-02-14.wav,female,happy,normal,14
data/processed/ravdess\03-01-03-01-01-02-15.wav,male,happy,normal,15
data/processed/ravdess\03-01-03-01-01-02-16.wav,female,happy,normal,16
data/processed/ravdess\03-01-03-01-01-02-17.wav,male,happy,normal,17
data/processed/ravdess\03-01-03-01-01-02-18.wav,female,happy,normal,18
data/processed/ravdess\03-01-03-01-01-02-19.wav,male,happy,normal,19
data/processed/ravdess\03-01-03-01-01-02-20.wav,female,happy,normal,20
data/processed/ravdess\03-01-03-01-01-02-21.wav,male,happy,normal,21
data/processed/ravdess\03-01-03-01-01-02-22.wav,female,happy,normal,22
data/processed/ravdess\03-01-03-01-01-02-23.wav,male,happy,normal,23
data/processed/ravdess\03-01-03-01-01-02-24.wav,female,happy,normal,24
data/processed/ravdess\03-01-03-01-02-01-01.wav,male,happy,normal,01
data/processed/ravdess\03-01-03-01-02-01-02.wav,female,happy,normal,02
data/processed/ravdess\03-01-03-01-02-01-03.wav,male,happy,normal,03
data/processed/ravdess\03-01-03-01-02-01-04.wav,female,happy,normal,04
data/processed/ravdess\03-01-03-01-02-01-05.wav,male,happy,normal,05
data/processed/ravdess\03-01-03-01-02-01-06.wav,female,happy,normal,06
data/processed/ravdess\03-01-03-01-02-01-07.wav,male,happy,normal,07
data/processed/ravdess\03-01-03-01-02-01-08.wav,female,happy,normal,08
data/processed/ravdess\03-01-03-01-02-01-09.wav,male,happy,normal,09
data/processed/ravdess\03-01-03-01-02-01-10.wav,female,happy,normal,10
data/processed/ravdess\03-01-03-01-02-01-11.wav,male,happy,normal,11
data/processed/ravdess\03-01-03-01-02-01-12.wav,female,happy,normal,12
data/processed/ravdess\03-01-03-01-02-01-13.wav,male,happy,normal,13
data/processed/ravdess\03-01-03-01-02-01-14.wav,female,happy,normal,14
data/processed/ravdess\03-01-03-01-02-01-15.wav,male,happy,normal,15
data/processed/ravdess\03-01-03-01-02-01-16.wav,female,happy,normal,16
data/processed/ravdess\03-01-03-01-02-01-17.wav,male,happy,normal,17
data/processed/ravdess\03-01-03-01-02-01-18.wav,female,happy,normal,18
data/processed/ravdess\03-01-03-01-02-01-19.wav,male,happy,normal,19
data/processed/ravdess\03-01-03-01-02-01-20.wav,female,happy,normal,20
data/processed/ravdess\03-01-03-01-02-01-21.wav,male,happy,normal,21
data/processed/ravdess\03-01-03-01-02-01-22.wav,female,happy,normal,22
data/processed/ravdess\03-01-03-01-02-01-23.wav,male,happy,normal,23
data/processed/ravdess\03-01-03-01-02-01-24.wav,female,happy,normal,24
data/processed/ravdess\03-01-03-01-02-02-01.wav,male,happy,normal,01
data/processed/ravdess\03-01-03-01-02-02-02.wav,female,happy,normal,02
data/processed/ravdess\03-01-03-01-02-02-03.wav,male,happy,normal,03
data/processed/ravdess\03-01-03-01-02-02-04.wav,female,happy,normal,04
data/processed/ravdess\03-01-03-01-02-02-05.wav,male,happy,normal,05
data/processed/ravdess\03-01-03-01-02-02-06.wav,female,happy,normal,06
data/processed/ravdess\03-01-03-01-02-02-07.wav,male,happy,normal,07
data/processed/ravdess\03-01-03-01-02-02-08.wav,female,happy,normal,08
data/processed/ravdess\03-01-03-01-02-02-09.wav,male,happy,normal,09
data/processed/ravdess\03-01-03-01-02-02-10.wav,female,happy,normal,10
data/processed/ravdess\03-01-03-01-02-02-11.wav,male,happy,normal,11
data/processed/ravdess\03-01-03-01-02-02-12.wav,female,happy,normal,12
data/processed/ravdess\03-01-03-01-02-02-13.wav,male,happy,normal,13
data/processed/ravdess\03-01-03-01-02-02-14.wav,female,happy,normal,14
data/processed/ravdess\03-01-03-01-02-02-15.wav,male,happy,normal,15
data/processed/ravdess\03-01-03-01-02-02-16.wav,female,happy,normal,16
data/processed/ravdess\03-01-03-01-02-02-17.wav,male,happy,normal,17
data/processed/ravdess\03-01-03-01-02-02-18.wav,female,happy,normal,18
data/processed/ravdess\03-01-03-01-02-02-19.wav,male,happy,normal,19
data/processed/ravdess\03-01-03-01-02-02-20.wav,female,happy,normal,20
data/processed/ravdess\03-01-03-01-02-02-21.wav,male,happy,normal,21
data/processed/ravdess\03-01-03-01-02-02-22.wav,female,happy,normal,22
data/processed/ravdess\03-01-03-01-02-02-23.wav,male,happy,normal,23
data/processed/ravdess\03-01-03-01-02-02-24.wav,female,happy,normal,24
data/processed/ravdess\03-01-03-02-01-01-01.wav,male,happy,strong,01
data/processed/ravdess\03-01-03-02-01-01-02.wav,female,happy,strong,02
data/processed/ravdess\03-01-03-02-01-01-03.wav,male,happy,strong,03
data/processed/ravdess\03-01-03-02-01-01-04.wav,female,happy,strong,04
data/processed/ravdess\03-01-03-02-01-01-05.wav,male,happy,strong,05
data/processed/ravdess\03-01-03-02-01-01-06.wav,female,happy,strong,06
data/processed/ravdess\03-01-03-02-01-01-07.wav,male,happy,strong,07
data/processed/ravdess\03-01-03-02-01-01-08.wav,female,happy,strong,08
data/processed/ravdess\03-01-03-02-01-01-09.wav,male,happy,strong,09
data/processed/ravdess\03-01-03-02-01-01-10.wav,female,happy,strong,10
data/processed/ravdess\03-01-03-02-01-01-11.wav,male,happy,strong,11
data/processed/ravdess\03-01-03-02-01-01-12.wav,female,happy,strong,12
data/processed/ravdess\03-01-03-02-01-01-13.wav,male,happy,strong,13
data/processed/ravdess\03-01-03-02-01-01-14.wav,female,happy,strong,14
data/processed/ravdess\03-01-03-02-01-01-15.wav,male,happy,strong,15
data/processed/ravdess\03-01-03-02-01-01-16.wav,female,happy,strong,16
data/processed/ravdess\03-01-03-02-01-01-17.wav,male,happy,strong,17
data/processed/ravdess\03-01-03-02-01-01-18.wav,female,happy,strong,18
data/processed/ravdess\03-01-03-02-01-01-19.wav,male,happy,strong,19
data/processed/ravdess\03-01-03-02-01-01-20.wav,female,happy,strong,20
data/processed/ravdess\03-01-03-02-01-01-21.wav,male,happy,strong,21
data/processed/ravdess\03-01-03-02-01-01-22.wav,female,happy,strong,22
data/processed/ravdess\03-01-03-02-01-01-23.wav,male,happy,strong,23
data/processed/ravdess\03-01-03-02-01-01-24.wav,female,happy,strong,24
data/processed/ravdess\03-01-03-02-01-02-01.wav,male,happy,strong,01
data/processed/ravdess\03-01-03-02-01-02-02.wav,female,happy,strong,02
data/processed/ravdess\03-01-03-02-01-02-03.wav,male,happy,strong,03
data/processed/ravdess\03-01-03-02-01-02-04.wav,female,happy,strong,04
data/processed/ravdess\03-01-03-02-01-02-05.wav,male,happy,strong,05
data/processed/ravdess\03-01-03-02-01-02-06.wav,female,happy,strong,06
data/processed/ravdess\03-01-03-02-01-02-07.wav,male,happy,strong,07
data/processed/ravdess\03-01-03-02-01-02-08.wav,female,happy,strong,08
data/processed/ravdess\03-01-03-02-01-02-09.wav,male,happy,strong,09
data/processed/ravdess\03-01-03-02-01-02-10.wav,female,happy,strong,10
data/processed/ravdess\03-01-03-02-01-02-11.wav,male,happy,strong,11
data/processed/ravdess\03-01-03-02-01-02-12.wav,female,happy,strong,12
data/processed/ravdess\03-01-03-02-01-02-13.wav,male,happy,strong,13
data/processed/ravdess\03-01-03-02-01-02-14.wav,female,happy,strong,14
data/processed/ravdess\03-01-03-02-01-02-15.wav,male,happy,strong,15
data/processed/ravdess\03-01-03-02-01-02-16.wav,female,happy,strong,16
data/processed/ravdess\03-01-03-02-01-02-17.wav,male,happy,strong,17
data/processed/ravdess\03-01-03-02-01-02-18.wav,female,happy,strong,18
data/processed/ravdess\03-01-03-02-01-02-19.wav,male,happy,strong,19
data/processed/ravdess\03-01-03-02-01-02-20.wav,female,happy,strong,20
data/processed/ravdess\03-01-03-02-01-02-21.wav,male,happy,strong,21
data/processed/ravdess\03-01-03-02-01-02-22.wav,female,happy,strong,22
data/processed/ravdess\03-01-03-02-01-02-23.wav,male,happy,strong,23
data/processed/ravdess\03-01-03-02-01-02-24.wav,female,happy,strong,24
data/processed/ravdess\03-01-03-02-02-01-01.wav,male,happy,strong,01
data/processed/ravdess\03-01-03-02-02-01-02.wav,female,happy,strong,02
data/processed/ravdess\03-01-03-02-02-01-03.wav,male,happy,strong,03
data/processed/ravdess\03-01-03-02-02-01-04.wav,female,happy,strong,04
data/processed/ravdess\03-01-03-02-02-01-05.wav,male,happy,strong,05
data/processed/ravdess\03-01-03-02-02-01-06.wav,female,happy,strong,06
data/processed/ravdess\03-01-03-02-02-01-07.wav,male,happy,strong,07
data/processed/ravdess\03-01-03-02-02-01-08.wav,female,happy,strong,08
data/processed/ravdess\03-01-03-02-02-01-09.wav,male,happy,strong,09
data/processed/ravdess\03-01-03-02-02-01-10.wav,female,happy,strong,10
data/processed/ravdess\03-01-03-02-02-01-11.wav,male,happy,strong,11
data/processed/ravdess\03-01-03-02-02-01-12.wav,female,happy,strong,12
data/processed/ravdess\03-01-03-02-02-01-13.wav,male,happy,strong,13
data/processed/ravdess\03-01-03-02-02-01-14.wav,female,happy,strong,14
data/processed/ravdess\03-01-03-02-02-01-15.wav,male,happy,strong,15
data/processed/ravdess\03-01-03-02-02-01-16.wav,female,happy,strong,16
data/processed/ravdess\03-01-03-02-02-01-17.wav,male,happy,strong,17
data/processed/ravdess\03-01-03-02-02-01-18.wav,female,happy,strong,18
data/processed/ravdess\03-01-03-02-02-01-19.wav,male,happy,strong,19
data/processed/ravdess\03-01-03-02-02-01-20.wav,female,happy,strong,20
data/processed/ravdess\03-01-03-02-02-01-21.wav,male,happy,strong,21
data/processed/ravdess\03-01-03-02-02-01-22.wav,female,happy,strong,22
data/processed/ravdess\03-01-03-02-02-01-23.wav,male,happy,strong,23
data/processed/ravdess\03-01-03-02-02-01-24.wav,female,happy,strong,24
data/processed/ravdess\03-01-03-02-02-02-01.wav,male,happy,strong,01
data/processed/ravdess\03-01-03-02-02-02-02.wav,female,happy,strong,02
data/processed/ravdess\03-01-03-02-02-02-03.wav,male,happy,strong,03
data/processed/ravdess\03-01-03-02-02-02-04.wav,female,happy,strong,04
data/processed/ravdess\03-01-03-02-02-02-05.wav,male,happy,strong,05
data/processed/ravdess\03-01-03-02-02-02-06.wav,female,happy,strong,06
data/processed/ravdess\03-01-03-02-02-02-07.wav,male,happy,strong,07
data/processed/ravdess\03-01-03-02-02-02-08.wav,female,happy,strong,08
data/processed/ravdess\03-01-03-02-02-02-09.wav,male,happy,strong,09
data/processed/ravdess\03-01-03-02-02-02-10.wav,female,happy,strong,10
data/processed/ravdess\03-01-03-02-02-02-11.wav,male,happy,strong,11
data/processed/ravdess\03-01-03-02-02-02-12.wav,female,happy,strong,12
data/processed/ravdess\03-01-03-02-02-02-13.wav,male,happy,strong,13
data/processed/ravdess\03-01-03-02-02-02-14.wav,female,happy,strong,14
data/processed/ravdess\03-01-03-02-02-02-15.wav,male,happy,strong,15
data/processed/ravdess\03-01-03-02-02-02-16.wav,female,happy,strong,16
data/processed/ravdess\03-01-03-02-02-02-17.wav,male,happy,strong,17
data/processed/ravdess\03-01-03-02-02-02-18.wav,female,happy,strong,18
data/processed/ravdess\03-01-03-02-02-02-19.wav,male,happy,strong,19
data/processed/ravdess\03-01-03-02-02-02-20.wav,female,happy,strong,20
data/processed/ravdess\03-01-03-02-02-02-21.wav,male,happy,strong,21
data/processed/ravdess\03-01-03-02-02-02-22.wav,female,happy,strong,22
data/processed/ravdess\03-01-03-02-02-02-23.wav,male,happy,strong,23
data/processed/ravdess\03-01-03-02-02-02-24.wav,female,happy,strong,24
data/processed/ravdess\03-01-04-01-01-01-01.wav,male,sad,normal,01
data/processed/ravdess\03-01-04-01-01-01-02.wav,female,sad,normal,02
data/processed/ravdess\03-01-04-01-01-01-03.wav,male,sad,normal,03
data/processed/ravdess\03-01-04-01-01-01-04.wav,female,sad,normal,04
data/processed/ravdess\03-01-04-01-01-01-05.wav,male,sad,normal,05
data/processed/ravdess\03-01-04-01-01-01-06.wav,female,sad,normal,06
data/processed/ravdess\03-01-04-01-01-01-07.wav,male,sad,normal,07
data/processed/ravdess\03-01-04-01-01-01-08.wav,female,sad,normal,08
data/processed/ravdess\03-01-04-01-01-01-09.wav,male,sad,normal,09
data/processed/ravdess\03-01-04-01-01-01-10.wav,female,sad,normal,10
data/processed/ravdess\03-01-04-01-01-01-11.wav,male,sad,normal,11
data/processed/ravdess\03-01-04-01-01-01-12.wav,female,sad,normal,12
data/processed/ravdess\03-01-04-01-01-01-13.wav,male,sad,normal,13
data/processed/ravdess\03-01-04-01-01-01-14.wav,female,sad,normal,14
data/processed/ravdess\03-01-04-01-01-01-15.wav,male,sad,normal,15
data/processed/ravdess\03-01-04-01-01-01-16.wav,female,sad,normal,16
data/processed/ravdess\03-01-04-01-01-01-17.wav,male,sad,normal,17
data/processed/ravdess\03-01-04-01-01-01-18.wav,female,sad,normal,18
data/processed/ravdess\03-01-04-01-01-01-19.wav,male,sad,normal,19
data/processed/ravdess\03-01-04-01-01-01-20.wav,female,sad,normal,20
data/processed/ravdess\03-01-04-01-01-01-21.wav,male,sad,normal,21
data/processed/ravdess\03-01-04-01-01-01-22.wav,female,sad,normal,22
data/processed/ravdess\03-01-04-01-01-01-23.wav,male,sad,normal,23
data/processed/ravdess\03-01-04-01-01-01-24.wav,female,sad,normal,24
data/processed/ravdess\03-01-04-01-01-02-01.wav,male,sad,normal,01
data/processed/ravdess\03-01-04-01-01-02-02.wav,female,sad,normal,02
data/processed/ravdess\03-01-04-01-01-02-03.wav,male,sad,normal,03
data/processed/ravdess\03-01-04-01-01-02-04.wav,female,sad,normal,04
data/processed/ravdess\03-01-04-01-01-02-05.wav,male,sad,normal,05
data/processed/ravdess\03-01-04-01-01-02-06.wav,female,sad,normal,06
data/processed/ravdess\03-01-04-01-01-02-07.wav,male,sad,normal,07
data/processed/ravdess\03-01-04-01-01-02-08.wav,female,sad,normal,08
data/processed/ravdess\03-01-04-01-01-02-09.wav,male,sad,normal,09
data/processed/ravdess\03-01-04-01-01-02-10.wav,female,sad,normal,10
data/processed/ravdess\03-01-04-01-01-02-11.wav,male,sad,normal,11
data/processed/ravdess\03-01-04-01-01-02-12.wav,female,sad,normal,12
data/processed/ravdess\03-01-04-01-01-02-13.wav,male,sad,normal,13
data/processed/ravdess\03-01-04-01-01-02-14.wav,female,sad,normal,14
data/processed/ravdess\03-01-04-01-01-02-15.wav,male,sad,normal,15
data/processed/ravdess\03-01-04-01-01-02-16.wav,female,sad,normal,16
data/processed/ravdess\03-01-04-01-01-02-17.wav,male,sad,normal,17
data/processed/ravdess\03-01-04-01-01-02-18.wav,female,sad,normal,18
data/processed/ravdess\03-01-04-01-01-02-19.wav,male,sad,normal,19
data/processed/ravdess\03-01-04-01-01-02-20.wav,female,sad,normal,20
data/processed/ravdess\03-01-04-01-01-02-21.wav,male,sad,normal,21
data/processed/ravdess\03-01-04-01-01-02-22.wav,female,sad,normal,22
data/processed/ravdess\03-01-04-01-01-02-23.wav,male,sad,normal,23
data/processed/ravdess\03-01-04-01-01-02-24.wav,female,sad,normal,24
data/processed/ravdess\03-01-04-01-02-01-01.wav,male,sad,normal,01
data/processed/ravdess\03-01-04-01-02-01-02.wav,female,sad,normal,02
data/processed/ravdess\03-01-04-01-02-01-03.wav,male,sad,normal,03
data/processed/ravdess\03-01-04-01-02-01-04.wav,female,sad,normal,04
data/processed/ravdess\03-01-04-01-02-01-05.wav,male,sad,normal,05
data/processed/ravdess\03-01-04-01-02-01-06.wav,female,sad,normal,06
data/processed/ravdess\03-01-04-01-02-01-07.wav,male,sad,normal,07
data/processed/ravdess\03-01-04-01-02-01-08.wav,female,sad,normal,08
data/processed/ravdess\03-01-04-01-02-01-09.wav,male,sad,normal,09
data/processed/ravdess\03-01-04-01-02-01-10.wav,female,sad,normal,10
data/processed/ravdess\03-01-04-01-02-01-11.wav,male,sad,normal,11
data/processed/ravdess\03-01-04-01-02-01-12.wav,female,sad,normal,12
data/processed/ravdess\03-01-04-01-02-01-13.wav,male,sad,normal,13
data/processed/ravdess\03-01-04-01-02-01-14.wav,female,sad,normal,14
data/processed/ravdess\03-01-04-01-02-01-15.wav,male,sad,normal,15
data/processed/ravdess\03-01-04-01-02-01-16.wav,female,sad,normal,16
data/processed/ravdess\03-01-04-01-02-01-17.wav,male,sad,normal,17
data/processed/ravdess\03-01-04-01-02-01-18.wav,female,sad,normal,18
data/processed/ravdess\03-01-04-01-02-01-19.wav,male,sad,normal,19
data/processed/ravdess\03-01-04-01-02-01-20.wav,female,sad,normal,20
data/processed/ravdess\03-01-04-01-02-01-21.wav,male,sad,normal,21
data/processed/ravdess\03-01-04-01-02-01-22.wav,female,sad,normal,22
data/processed/ravdess\03-01-04-01-02-01-23.wav,male,sad,normal,23
data/processed/ravdess\03-01-04-01-02-01-24.wav,female,sad,normal,24
data/processed/ravdess\03-01-04-01-02-02-01.wav,male,sad,normal,01
data/processed/ravdess\03-01-04-01-02-02-02.wav,female,sad,normal,02
data/processed/ravdess\03-01-04-01-02-02-03.wav,male,sad,normal,03
data/processed/ravdess\03-01-04-01-02-02-04.wav,female,sad,normal,04
data/processed/ravdess\03-01-04-01-02-02-05.wav,male,sad,normal,05
data/processed/ravdess\03-01-04-01-02-02-06.wav,female,sad,normal,06
data/processed/ravdess\03-01-04-01-02-02-07.wav,male,sad,normal,07
data/processed/ravdess\03-01-04-01-02-02-08.wav,female,sad,normal,08
data/processed/ravdess\03-01-04-01-02-02-09.wav,male,sad,normal,09
data/processed/ravdess\03-01-04-01-02-02-10.wav,female,sad,normal,10
data/processed/ravdess\03-01-04-01-02-02-11.wav,male,sad,normal,11
data/processed/ravdess\03-01-04-01-02-02-12.wav,female,sad,normal,12
data/processed/ravdess\03-01-04-01-02-02-13.wav,male,sad,normal,13
data/processed/ravdess\03-01-04-01-02-02-14.wav,female,sad,normal,14
data/processed/ravdess\03-01-04-01-02-02-15.wav,male,sad,normal,15
data/processed/ravdess\03-01-04-01-02-02-16.wav,female,sad,normal,16
data/processed/ravdess\03-01-04-01-02-02-17.wav,male,sad,normal,17
data/processed/ravdess\03-01-04-01-02-02-18.wav,female,sad,normal,18
data/processed/ravdess\03-01-04-01-02-02-19.wav,male,sad,normal,19
data/processed/ravdess\03-01-04-01-02-02-20.wav,female,sad,normal,20
data/processed/ravdess\03-01-04-01-02-02-21.wav,male,sad,normal,21
data/processed/ravdess\03-01-04-01-02-02-22.wav,female,sad,normal,22
data/processed/ravdess\03-01-04-01-02-02-23.wav,male,sad,normal,23
data/processed/ravdess\03-01-04-01-02-02-24.wav,female,sad,normal,24
data/processed/ravdess\03-01-04-02-01-01-01.wav,male,sad,strong,01
data/processed/ravdess\03-01-04-02-01-01-02.wav,female,sad,strong,02
data/processed/ravdess\03-01-04-02-01-01-03.wav,male,sad,strong,03
data/processed/ravdess\03-01-04-02-01-01-04.wav,female,sad,strong,04
data/processed/ravdess\03-01-04-02-01-01-05.wav,male,sad,strong,05
data/processed/ravdess\03-01-04-02-01-01-06.wav,female,sad,strong,06
data/processed/ravdess\03-01-04-02-01-01-07.wav,male,sad,strong,07
data/processed/ravdess\03-01-04-02-01-01-08.wav,female,sad,strong,08
data/processed/ravdess\03-01-04-02-01-01-09.wav,male,sad,strong,09
data/processed/ravdess\03-01-04-02-01-01-10.wav,female,sad,strong,10
data/processed/ravdess\03-01-04-02-01-01-11.wav,male,sad,strong,11
data/processed/ravdess\03-01-04-02-01-01-12.wav,female,sad,strong,12
data/processed/ravdess\03-01-04-02-01-01-13.wav,male,sad,strong,13
data/processed/ravdess\03-01-04-02-01-01-14.wav,female,sad,strong,14
data/processed/ravdess\03-01-04-02-01-01-15.wav,male,sad,strong,15
data/processed/ravdess\03-01-04-02-01-01-16.wav,female,sad,strong,16
data/processed/ravdess\03-01-04-02-01-01-17.wav,male,sad,strong,17
data/processed/ravdess\03-01-04-02-01-01-18.wav,female,sad,strong,18
data/processed/ravdess\03-01-04-02-01-01-19.wav,male,sad,strong,19
data/processed/ravdess\03-01-04-02-01-01-20.wav,female,sad,strong,20
data/processed/ravdess\03-01-04-02-01-01-21.wav,male,sad,strong,21
data/processed/ravdess\03-01-04-02-01-01-22.wav,female,sad,strong,22
data/processed/ravdess\03-01-04-02-01-01-23.wav,male,sad,strong,23
data/processed/ravdess\03-01-04-02-01-01-24.wav,female,sad,strong,24
data/processed/ravdess\03-01-04-02-01-02-01.wav,male,sad,strong,01
data/processed/ravdess\03-01-04-02-01-02-02.wav,female,sad,strong,02
data/processed/ravdess\03-01-04-02-01-02-03.wav,male,sad,strong,03
data/processed/ravdess\03-01-04-02-01-02-04.wav,female,sad,strong,04
data/processed/ravdess\03-01-04-02-01-02-05.wav,male,sad,strong,05
data/processed/ravdess\03-01-04-02-01-02-06.wav,female,sad,strong,06
data/processed/ravdess\03-01-04-02-01-02-07.wav,male,sad,strong,07
data/processed/ravdess\03-01-04-02-01-02-08.wav,female,sad,strong,08
data/processed/ravdess\03-01-04-02-01-02-09.wav,male,sad,strong,09
data/processed/ravdess\03-01-04-02-01-02-10.wav,female,sad,strong,10
data/processed/ravdess\03-01-04-02-01-02-11.wav,male,sad,strong,11
data/processed/ravdess\03-01-04-02-01-02-12.wav,female,sad,strong,12
data/processed/ravdess\03-01-04-02-01-02-13.wav,male,sad,strong,13
data/processed/ravdess\03-01-04-02-01-02-14.wav,female,sad,strong,14
data/processed/ravdess\03-01-04-02-01-02-15.wav,male,sad,strong,15
data/processed/ravdess\03-01-04-02-01-02-16.wav,female,sad,strong,16
data/processed/ravdess\03-01-04-02-01-02-17.wav,male,sad,strong,17
data/processed/ravdess\03-01-04-02-01-02-18.wav,female,sad,strong,18
data/processed/ravdess\03-01-04-02-01-02-19.wav,male,sad,strong,19
data/processed/ravdess\03-01-04-02-01-02-20.wav,female,sad,strong,20
data/processed/ravdess\03-01-04-02-01-02-21.wav,male,sad,strong,21
data/processed/ravdess\03-01-04-02-01-02-22.wav,female,sad,strong,22
data/processed/ravdess\03-01-04-02-01-02-23.wav,male,sad,strong,23
data/processed/ravdess\03-01-04-02-01-02-24.wav,female,sad,strong,24
data/processed/ravdess\03-01-04-02-02-01-01.wav,male,sad,strong,01
data/processed/ravdess\03-01-04-02-02-01-02.wav,female,sad,strong,02
data/processed/ravdess\03-01-04-02-02-01-03.wav,male,sad,strong,03
data/processed/ravdess\03-01-04-02-02-01-04.wav,female,sad,strong,04
data/processed/ravdess\03-01-04-02-02-01-05.wav,male,sad,strong,05
data/processed/ravdess\03-01-04-02-02-01-06.wav,female,sad,strong,06
data/processed/ravdess\03-01-04-02-02-01-07.wav,male,sad,strong,07
data/processed/ravdess\03-01-04-02-02-01-08.wav,female,sad,strong,08
data/processed/ravdess\03-01-04-02-02-01-09.wav,male,sad,strong,09
data/processed/ravdess\03-01-04-02-02-01-10.wav,female,sad,strong,10
data/processed/ravdess\03-01-04-02-02-01-11.wav,male,sad,strong,11
data/processed/ravdess\03-01-04-02-02-01-12.wav,female,sad,strong,12
data/processed/ravdess\03-01-04-02-02-01-13.wav,male,sad,strong,13
data/processed/ravdess\03-01-04-02-02-01-14.wav,female,sad,strong,14
data/processed/ravdess\03-01-04-02-02-01-15.wav,male,sad,strong,15
data/processed/ravdess\03-01-04-02-02-01-16.wav,female,sad,strong,16
data/processed/ravdess\03-01-04-02-02-01-17.wav,male,sad,strong,17
data/processed/ravdess\03-01-04-02-02-01-18.wav,female,sad,strong,18
data/processed/ravdess\03-01-04-02-02-01-19.wav,male,sad,strong,19
data/processed/ravdess\03-01-04-02-02-01-20.wav,female,sad,strong,20
data/processed/ravdess\03-01-04-02-02-01-21.wav,male,sad,strong,21
data/processed/ravdess\03-01-04-02-02-01-22.wav,female,sad,strong,22
data/processed/ravdess\03-01-04-02-02-01-23.wav,male,sad,strong,23
data/processed/ravdess\03-01-04-02-02-01-24.wav,female,sad,strong,24
data/processed/ravdess\03-01-04-02-02-02-01.wav,male,sad,strong,01
data/processed/ravdess\03-01-04-02-02-02-02.wav,female,sad,strong,02
data/processed/ravdess\03-01-04-02-02-02-03.wav,male,sad,strong,03
data/processed/ravdess\03-01-04-02-02-02-04.wav,female,sad,strong,04
data/processed/ravdess\03-01-04-02-02-02-05.wav,male,sad,strong,05
data/processed/ravdess\03-01-04-02-02-02-06.wav,female,sad,strong,06
data/processed/ravdess\03-01-04-02-02-02-07.wav,male,sad,strong,07
data/processed/ravdess\03-01-04-02-02-02-08.wav,female,sad,strong,08
data/processed/ravdess\03-01-04-02-02-02-09.wav,male,sad,strong,09
data/processed/ravdess\03-01-04-02-02-02-10.wav,female,sad,strong,10
data/processed/ravdess\03-01-04-02-02-02-11.wav,male,sad,strong,11
data/processed/ravdess\03-01-04-02-02-02-12.wav,female,sad,strong,12
data/processed/ravdess\03-01-04-02-02-02-13.wav,male,sad,strong,13
data/processed/ravdess\03-01-04-02-02-02-14.wav,female,sad,strong,14
data/processed/ravdess\03-01-04-02-02-02-15.wav,male,sad,strong,15
data/processed/ravdess\03-01-04-02-02-02-16.wav,female,sad,strong,16
data/processed/ravdess\03-01-04-02-02-02-17.wav,male,sad,strong,17
data/processed/ravdess\03-01-04-02-02-02-18.wav,female,sad,strong,18
data/processed/ravdess\03-01-04-02-02-02-19.wav,male,sad,strong,19
data/processed/ravdess\03-01-04-02-02-02-20.wav,female,sad,strong,20
data/processed/ravdess\03-01-04-02-02-02-21.wav,male,sad,strong,21
data/processed/ravdess\03-01-04-02-02-02-22.wav,female,sad,strong,22
data/processed/ravdess\03-01-04-02-02-02-23.wav,male,sad,strong,23
data/processed/ravdess\03-01-04-02-02-02-24.wav,female,sad,strong,24
data/processed/ravdess\03-01-05-01-01-01-01.wav,male,angry,normal,01
data/processed/ravdess\03-01-05-01-01-01-02.wav,female,angry,normal,02
data/processed/ravdess\03-01-05-01-01-01-03.wav,male,angry,normal,03
data/processed/ravdess\03-01-05-01-01-01-04.wav,female,angry,normal,04
data/processed/ravdess\03-01-05-01-01-01-05.wav,male,angry,normal,05
data/processed/ravdess\03-01-05-01-01-01-06.wav,female,angry,normal,06
data/processed/ravdess\03-01-05-01-01-01-07.wav,male,angry,normal,07
data/processed/ravdess\03-01-05-01-01-01-08.wav,female,angry,normal,08
data/processed/ravdess\03-01-05-01-01-01-09.wav,male,angry,normal,09
data/processed/ravdess\03-01-05-01-01-01-10.wav,female,angry,normal,10
data/processed/ravdess\03-01-05-01-01-01-11.wav,male,angry,normal,11
data/processed/ravdess\03-01-05-01-01-01-12.wav,female,angry,normal,12
data/processed/ravdess\03-01-05-01-01-01-13.wav,male,angry,normal,13
data/processed/ravdess\03-01-05-01-01-01-14.wav,female,angry,normal,14
data/processed/ravdess\03-01-05-01-01-01-15.wav,male,angry,normal,15
data/processed/ravdess\03-01-05-01-01-01-16.wav,female,angry,normal,16
data/processed/ravdess\03-01-05-01-01-01-17.wav,male,angry,normal,17
data/processed/ravdess\03-01-05-01-01-01-18.wav,female,angry,normal,18
data/processed/ravdess\03-01-05-01-01-01-19.wav,male,angry,normal,19
data/processed/ravdess\03-01-05-01-01-01-20.wav,female,angry,normal,20
data/processed/ravdess\03-01-05-01-01-01-21.wav,male,angry,normal,21
data/processed/ravdess\03-01-05-01-01-01-22.wav,female,angry,normal,22
data/processed/ravdess\03-01-05-01-01-01-23.wav,male,angry,normal,23
data/processed/ravdess\03-01-05-01-01-01-24.wav,female,angry,normal,24
data/processed/ravdess\03-01-05-01-01-02-01.wav,male,angry,normal,01
data/processed/ravdess\03-01-05-01-01-02-02.wav,female,angry,normal,02
data/processed/ravdess\03-01-05-01-01-02-03.wav,male,angry,normal,03
data/processed/ravdess\03-01-05-01-01-02-04.wav,female,angry,normal,04
data/processed/ravdess\03-01-05-01-01-02-05.wav,male,angry,normal,05
data/processed/ravdess\03-01-05-01-01-02-06.wav,female,angry,normal,06
data/processed/ravdess\03-01-05-01-01-02-07.wav,male,angry,normal,07
data/processed/ravdess\03-01-05-01-01-02-08.wav,female,angry,normal,08
data/processed/ravdess\03-01-05-01-01-02-09.wav,male,angry,normal,09
data/processed/ravdess\03-01-05-01-01-02-10.wav,female,angry,normal,10
data/processed/ravdess\03-01-05-01-01-02-11.wav,male,angry,normal,11
data/processed/ravdess\03-01-05-01-01-02-12.wav,female,angry,normal,12
data/processed/ravdess\03-01-05-01-01-02-13.wav,male,angry,normal,13
data/processed/ravdess\03-01-05-01-01-02-14.wav,female,angry,normal,14
data/processed/ravdess\03-01-05-01-01-02-15.wav,male,angry,normal,15
data/processed/ravdess\03-01-05-01-01-02-16.wav,female,angry,normal,16
data/processed/ravdess\03-01-05-01-01-02-17.wav,male,angry,normal,17
data/processed/ravdess\03-01-05-01-01-02-18.wav,female,angry,normal,18
data/processed/ravdess\03-01-05-01-01-02-19.wav,male,angry,normal,19
data/processed/ravdess\03-01-05-01-01-02-20.wav,female,angry,normal,20
data/processed/ravdess\03-01-05-01-01-02-21.wav,male,angry,normal,21
data/processed/ravdess\03-01-05-01-01-02-22.wav,female,angry,normal,22
data/processed/ravdess\03-01-05-01-01-02-23.wav,male,angry,normal,23
data/processed/ravdess\03-01-05-01-01-02-24.wav,female,angry,normal,24
data/processed/ravdess\03-01-05-01-02-01-01.wav,male,angry,normal,01
data/processed/ravdess\03-01-05-01-02-01-02.wav,female,angry,normal,02
data/processed/ravdess\03-01-05-01-02-01-03.wav,male,angry,normal,03
data/processed/ravdess\03-01-05-01-02-01-04.wav,female,angry,normal,04
data/processed/ravdess\03-01-05-01-02-01-05.wav,male,angry,normal,05
data/processed/ravdess\03-01-05-01-02-01-06.wav,female,angry,normal,06
data/processed/ravdess\03-01-05-01-02-01-07.wav,male,angry,normal,07
data/processed/ravdess\03-01-05-01-02-01-08.wav,female,angry,normal,08
data/processed/ravdess\03-01-05-01-02-01-09.wav,male,angry,normal,09
data/processed/ravdess\03-01-05-01-02-01-10.wav,female,angry,normal,10
data/processed/ravdess\03-01-05-01-02-01-11.wav,male,angry,normal,11
data/processed/ravdess\03-01-05-01-02-01-12.wav,female,angry,normal,12
data/processed/ravdess\03-01-05-01-02-01-13.wav,male,angry,normal,13
data/processed/ravdess\03-01-05-01-02-01-14.wav,female,angry,normal,14
data/processed/ravdess\03-01-05-01-02-01-15.wav,male,angry,normal,15
data/processed/ravdess\03-01-05-01-02-01-16.wav,female,angry,normal,16
data/processed/ravdess\03-01-05-01-02-01-17.wav,male,angry,normal,17
data/processed/ravdess\03-01-05-01-02-01-18.wav,female,angry,normal,18
data/processed/ravdess\03-01-05-01-02-01-19.wav,male,angry,normal,19
data/processed/ravdess\03-01-05-01-02-01-20.wav,female,angry,normal,20
data/processed/ravdess\03-01-05-01-02-01-21.wav,male,angry,normal,21
data/processed/ravdess\03-01-05-01-02-01-22.wav,female,angry,normal,22
data/processed/ravdess\03-01-05-01-02-01-23.wav,male,angry,normal,23
data/processed/ravdess\03-01-05-01-02-01-24.wav,female,angry,normal,24
data/processed/ravdess\03-01-05-01-02-02-01.wav,male,angry,normal,01
data/processed/ravdess\03-01-05-01-02-02-02.wav,female,angry,normal,02
data/processed/ravdess\03-01-05-01-02-02-03.wav,male,angry,normal,03
data/processed/ravdess\03-01-05-01-02-02-04.wav,female,angry,normal,04
data/processed/ravdess\03-01-05-01-02-02-05.wav,male,angry,normal,05
data/processed/ravdess\03-01-05-01-02-02-06.wav,female,angry,normal,06
data/processed/ravdess\03-01-05-01-02-02-07.wav,male,angry,normal,07
data/processed/ravdess\03-01-05-01-02-02-08.wav,female,angry,normal,08
data/processed/ravdess\03-01-05-01-02-02-09.wav,male,angry,normal,09
data/processed/ravdess\03-01-05-01-02-02-10.wav,female,angry,normal,10
data/processed/ravdess\03-01-05-01-02-02-11.wav,male,angry,normal,11
data/processed/ravdess\03-01-05-01-02-02-12.wav,female,angry,normal,12
data/processed/ravdess\03-01-05-01-02-02-13.wav,male,angry,normal,13
data/processed/ravdess\03-01-05-01-02-02-14.wav,female,angry,normal,14
data/processed/ravdess\03-01-05-01-02-02-15.wav,male,angry,normal,15
data/processed/ravdess\03-01-05-01-02-02-16.wav,female,angry,normal,16
data/processed/ravdess\03-01-05-01-02-02-17.wav,male,angry,normal,17
data/processed/ravdess\03-01-05-01-02-02-18.wav,female,angry,normal,18
data/processed/ravdess\03-01-05-01-02-02-19.wav,male,angry,normal,19
data/processed/ravdess\03-01-05-01-02-02-20.wav,female,angry,normal,20
data/processed/ravdess\03-01-05-01-02-02-21.wav,male,angry,normal,21
data/processed/ravdess\03-01-05-01-02-02-22.wav,female,angry,normal,22
data/processed/ravdess\03-01-05-01-02-02-23.wav,male,angry,normal,23
data/processed/ravdess\03-01-05-01-02-02-24.wav,female,angry,normal,24
data/processed/ravdess\03-01-05-02-01-01-01.wav,male,angry,strong,01
data/processed/ravdess\03-01-05-02-01-01-02.wav,female,angry,strong,02
data/processed/ravdess\03-01-05-02-01-01-03.wav,male,angry,strong,03
data/processed/ravdess\03-01-05-02-01-01-04.wav,female,angry,strong,04
data/processed/ravdess\03-01-05-02-01-01-05.wav,male,angry,strong,05
data/processed/ravdess\03-01-05-02-01-01-06.wav,female,angry,strong,06
data/processed/ravdess\03-01-05-02-01-01-07.wav,male,angry,strong,07
data/processed/ravdess\03-01-05-02-01-01-08.wav,female,angry,strong,08
data/processed/ravdess\03-01-05-02-01-01-09.wav,male,angry,strong,09
data/processed/ravdess\03-01-05-02-01-01-10.wav,female,angry,strong,10
data/processed/ravdess\03-01-05-02-01-01-11.wav,male,angry,strong,11
data/processed/ravdess\03-01-05-02-01-01-12.wav,female,angry,strong,12
data/processed/ravdess\03-01-05-02-01-01-13.wav,male,angry,strong,13
data/processed/ravdess\03-01-05-02-01-01-14.wav,female,angry,strong,14
data/processed/ravdess\03-01-05-02-01-01-15.wav,male,angry,strong,15
data/processed/ravdess\03-01-05-02-01-01-16.wav,female,angry,strong,16
data/processed/ravdess\03-01-05-02-01-01-17.wav,male,angry,strong,17
data/processed/ravdess\03-01-05-02-01-01-18.wav,female,angry,strong,18
data/processed/ravdess\03-01-05-02-01-01-19.wav,male,angry,strong,19
data/processed/ravdess\03-01-05-02-01-01-20.wav,female,angry,strong,20
data/processed/ravdess\03-01-05-02-01-01-21.wav,male,angry,strong,21
data/processed/ravdess\03-01-05-02-01-01-22.wav,female,angry,strong,22
data/processed/ravdess\03-01-05-02-01-01-23.wav,male,angry,strong,23
data/processed/ravdess\03-01-05-02-01-01-24.wav,female,angry,strong,24
data/processed/ravdess\03-01-05-02-01-02-01.wav,male,angry,strong,01
data/processed/ravdess\03-01-05-02-01-02-02.wav,female,angry,strong,02
data/processed/ravdess\03-01-05-02-01-02-03.wav,male,angry,strong,03
data/processed/ravdess\03-01-05-02-01-02-04.wav,female,angry,strong,04
data/processed/ravdess\03-01-05-02-01-02-05.wav,male,angry,strong,05
data/processed/ravdess\03-01-05-02-01-02-06.wav,female,angry,strong,06
data/processed/ravdess\03-01-05-02-01-02-07.wav,male,angry,strong,07
data/processed/ravdess\03-01-05-02-01-02-08.wav,female,angry,strong,08
data/processed/ravdess\03-01-05-02-01-02-09.wav,male,angry,strong,09
data/processed/ravdess\03-01-05-02-01-02-10.wav,female,angry,strong,10
data/processed/ravdess\03-01-05-02-01-02-11.wav,male,angry,strong,11
data/processed/ravdess\03-01-05-02-01-02-12.wav,female,angry,strong,12
data/processed/ravdess\03-01-05-02-01-02-13.wav,male,angry,strong,13
data/processed/ravdess\03-01-05-02-01-02-14.wav,female,angry,strong,14
data/processed/ravdess\03-01-05-02-01-02-15.wav,male,angry,strong,15
data/processed/ravdess\03-01-05-02-01-02-16.wav,female,angry,strong,16
data/processed/ravdess\03-01-05-02-01-02-17.wav,male,angry,strong,17
data/processed/ravdess\03-01-05-02-01-02-18.wav,female,angry,strong,18
data/processed/ravdess\03-01-05-02-01-02-19.wav,male,angry,strong,19
data/processed/ravdess\03-01-05-02-01-02-20.wav,female,angry,strong,20
data/processed/ravdess\03-01-05-02-01-02-21.wav,male,angry,strong,21
data/processed/ravdess\03-01-05-02-01-02-22.wav,female,angry,strong,22
data/processed/ravdess\03-01-05-02-01-02-23.wav,male,angry,strong,23
data/processed/ravdess\03-01-05-02-01-02-24.wav,female,angry,strong,24
data/processed/ravdess\03-01-05-02-02-01-01.wav,male,angry,strong,01
data/processed/ravdess\03-01-05-02-02-01-02.wav,female,angry,strong,02
data/processed/ravdess\03-01-05-02-02-01-03.wav,male,angry,strong,03
data/processed/ravdess\03-01-05-02-02-01-04.wav,female,angry,strong,04
data/processed/ravdess\03-01-05-02-02-01-05.wav,male,angry,strong,05
data/processed/ravdess\03-01-05-02-02-01-06.wav,female,angry,strong,06
data/processed/ravdess\03-01-05-02-02-01-07.wav,male,angry,strong,07
data/processed/ravdess\03-01-05-02-02-01-08.wav,female,angry,strong,08
data/processed/ravdess\03-01-05-02-02-01-09.wav,male,angry,strong,09
data/processed/ravdess\03-01-05-02-02-01-10.wav,female,angry,strong,10
data/processed/ravdess\03-01-05-02-02-01-11.wav,male,angry,strong,11
data/processed/ravdess\03-01-05-02-02-01-12.wav,female,angry,strong,12
data/processed/ravdess\03-01-05-02-02-01-13.wav,male,angry,strong,13
data/processed/ravdess\03-01-05-02-02-01-14.wav,female,angry,strong,14
data/processed/ravdess\03-01-05-02-02-01-15.wav,male,angry,strong,15
data/processed/ravdess\03-01-05-02-02-01-16.wav,female,angry,strong,16
data/processed/ravdess\03-01-05-02-02-01-17.wav,male,angry,strong,17
data/processed/ravdess\03-01-05-02-02-01-18.wav,female,angry,strong,18
data/processed/ravdess\03-01-05-02-02-01-19.wav,male,angry,strong,19
data/processed/ravdess\03-01-05-02-02-01-20.wav,female,angry,strong,20
data/processed/ravdess\03-01-05-02-02-01-21.wav,male,angry,strong,21
data/processed/ravdess\03-01-05-02-02-01-22.wav,female,angry,strong,22
data/processed/ravdess\03-01-05-02-02-01-23.wav,male,angry,strong,23
data/processed/ravdess\03-01-05-02-02-01-24.wav,female,angry,strong,24
data/processed/ravdess\03-01-05-02-02-02-01.wav,male,angry,strong,01
data/processed/ravdess\03-01-05-02-02-02-02.wav,female,angry,strong,02
data/processed/ravdess\03-01-05-02-02-02-03.wav,male,angry,strong,03
data/processed/ravdess\03-01-05-02-02-02-04.wav,female,angry,strong,04
data/processed/ravdess\03-01-05-02-02-02-05.wav,male,angry,strong,05
data/processed/ravdess\03-01-05-02-02-02-06.wav,female,angry,strong,06
data/processed/ravdess\03-01-05-02-02-02-07.wav,male,angry,strong,07
data/processed/ravdess\03-01-05-02-02-02-08.wav,female,angry,strong,08
data/processed/ravdess\03-01-05-02-02-02-09.wav,male,angry,strong,09
data/processed/ravdess\03-01-05-02-02-02-10.wav,female,angry,strong,10
data/processed/ravdess\03-01-05-02-02-02-11.wav,male,angry,strong,11
data/processed/ravdess\03-01-05-02-02-02-12.wav,female,angry,strong,12
data/processed/ravdess\03-01-05-02-02-02-13.wav,male,angry,strong,13
data/processed/ravdess\03-01-05-02-02-02-14.wav,female,angry,strong,14
data/processed/ravdess\03-01-05-02-02-02-15.wav,male,angry,strong,15
data/processed/ravdess\03-01-05-02-02-02-16.wav,female,angry,strong,16
data/processed/ravdess\03-01-05-02-02-02-17.wav,male,angry,strong,17
data/processed/ravdess\03-01-05-02-02-02-18.wav,female,angry,strong,18
data/processed/ravdess\03-01-05-02-02-02-19.wav,male,angry,strong,19
data/processed/ravdess\03-01-05-02-02-02-20.wav,female,angry,strong,20
data/processed/ravdess\03-01-05-02-02-02-21.wav,male,angry,strong,21
data/processed/ravdess\03-01-05-02-02-02-22.wav,female,angry,strong,22
data/processed/ravdess\03-01-05-02-02-02-23.wav,male,angry,strong,23
data/processed/ravdess\03-01-05-02-02-02-24.wav,female,angry,strong,24
data/processed/ravdess\03-01-06-01-01-01-01.wav,male,fearful,normal,01
data/processed/ravdess\03-01-06-01-01-01-02.wav,female,fearful,normal,02
data/processed/ravdess\03-01-06-01-01-01-03.wav,male,fearful,normal,03
data/processed/ravdess\03-01-06-01-01-01-04.wav,female,fearful,normal,04
data/processed/ravdess\03-01-06-01-01-01-05.wav,male,fearful,normal,05
data/processed/ravdess\03-01-06-01-01-01-06.wav,female,fearful,normal,06
data/processed/ravdess\03-01-06-01-01-01-07.wav,male,fearful,normal,07
data/processed/ravdess\03-01-06-01-01-01-08.wav,female,fearful,normal,08
data/processed/ravdess\03-01-06-01-01-01-09.wav,male,fearful,normal,09
data/processed/ravdess\03-01-06-01-01-01-10.wav,female,fearful,normal,10
data/processed/ravdess\03-01-06-01-01-01-11.wav,male,fearful,normal,11
data/processed/ravdess\03-01-06-01-01-01-12.wav,female,fearful,normal,12
data/processed/ravdess\03-01-06-01-01-01-13.wav,male,fearful,normal,13
data/processed/ravdess\03-01-06-01-01-01-14.wav,female,fearful,normal,14
data/processed/ravdess\03-01-06-01-01-01-15.wav,male,fearful,normal,15
data/processed/ravdess\03-01-06-01-01-01-16.wav,female,fearful,normal,16
data/processed/ravdess\03-01-06-01-01-01-17.wav,male,fearful,normal,17
data/processed/ravdess\03-01-06-01-01-01-18.wav,female,fearful,normal,18
data/processed/ravdess\03-01-06-01-01-01-19.wav,male,fearful,normal,19
data/processed/ravdess\03-01-06-01-01-01-20.wav,female,fearful,normal,20
data/processed/ravdess\03-01-06-01-01-01-21.wav,male,fearful,normal,21
data/processed/ravdess\03-01-06-01-01-01-22.wav,female,fearful,normal,22
data/processed/ravdess\03-01-06-01-01-01-23.wav,male,fearful,normal,23
data/processed/ravdess\03-01-06-01-01-01-24.wav,female,fearful,normal,24
data/processed/ravdess\03-01-06-01-01-02-01.wav,male,fearful,normal,01
data/processed/ravdess\03-01-06-01-01-02-02.wav,female,fearful,normal,02
data/processed/ravdess\03-01-06-01-01-02-03.wav,male,fearful,normal,03
data/processed/ravdess\03-01-06-01-01-02-04.wav,female,fearful,normal,04
data/processed/ravdess\03-01-06-01-01-02-05.wav,male,fearful,normal,05
data/processed/ravdess\03-01-06-01-01-02-06.wav,female,fearful,normal,06
data/processed/ravdess\03-01-06-01-01-02-07.wav,male,fearful,normal,07
data/processed/ravdess\03-01-06-01-01-02-08.wav,female,fearful,normal,08
data/processed/ravdess\03-01-06-01-01-02-09.wav,male,fearful,normal,09
data/processed/ravdess\03-01-06-01-01-02-10.wav,female,fearful,normal,10
data/processed/ravdess\03-01-06-01-01-02-11.wav,male,fearful,normal,11
data/processed/ravdess\03-01-06-01-01-02-12.wav,female,fearful,normal,12
data/processed/ravdess\03-01-06-01-01-02-13.wav,male,fearful,normal,13
data/processed/ravdess\03-01-06-01-01-02-14.wav,female,fearful,normal,14
data/processed/ravdess\03-01-06-01-01-02-15.wav,male,fearful,normal,15
data/processed/ravdess\03-01-06-01-01-02-16.wav,female,fearful,normal,16
data/processed/ravdess\03-01-06-01-01-02-17.wav,male,fearful,normal,17
data/processed/ravdess\03-01-06-01-01-02-18.wav,female,fearful,normal,18
data/processed/ravdess\03-01-06-01-01-02-19.wav,male,fearful,normal,19
data/processed/ravdess\03-01-06-01-01-02-20.wav,female,fearful,normal,20
data/processed/ravdess\03-01-06-01-01-02-21.wav,male,fearful,normal,21
data/processed/ravdess\03-01-06-01-01-02-22.wav,female,fearful,normal,22
data/processed/ravdess\03-01-06-01-01-02-23.wav,male,fearful,normal,23
data/processed/ravdess\03-01-06-01-01-02-24.wav,female,fearful,normal,24
data/processed/ravdess\03-01-06-01-02-01-01.wav,male,fearful,normal,01
data/processed/ravdess\03-01-06-01-02-01-02.wav,female,fearful,normal,02
data/processed/ravdess\03-01-06-01-02-01-03.wav,male,fearful,normal,03
data/processed/ravdess\03-01-06-01-02-01-04.wav,female,fearful,normal,04
data/processed/ravdess\03-01-06-01-02-01-05.wav,male,fearful,normal,05
data/processed/ravdess\03-01-06-01-02-01-06.wav,female,fearful,normal,06
data/processed/ravdess\03-01-06-01-02-01-07.wav,male,fearful,normal,07
data/processed/ravdess\03-01-06-01-02-01-08.wav,female,fearful,normal,08
data/processed/ravdess\03-01-06-01-02-01-09.wav,male,fearful,normal,09
data/processed/ravdess\03-01-06-01-02-01-10.wav,female,fearful,normal,10
data/processed/ravdess\03-01-06-01-02-01-11.wav,male,fearful,normal,11
data/processed/ravdess\03-01-06-01-02-01-12.wav,female,fearful,normal,12
data/processed/ravdess\03-01-06-01-02-01-13.wav,male,fearful,normal,13
data/processed/ravdess\03-01-06-01-02-01-14.wav,female,fearful,normal,14
data/processed/ravdess\03-01-06-01-02-01-15.wav,male,fearful,normal,15
data/processed/ravdess\03-01-06-01-02-01-16.wav,female,fearful,normal,16
data/processed/ravdess\03-01-06-01-02-01-17.wav,male,fearful,normal,17
data/processed/ravdess\03-01-06-01-02-01-18.wav,female,fearful,normal,18
data/processed/ravdess\03-01-06-01-02-01-19.wav,male,fearful,normal,19
data/processed/ravdess\03-01-06-01-02-01-20.wav,female,fearful,normal,20
data/processed/ravdess\03-01-06-01-02-01-21.wav,male,fearful,normal,21
data/processed/ravdess\03-01-06-01-02-01-22.wav,female,fearful,normal,22
data/processed/ravdess\03-01-06-01-02-01-23.wav,male,fearful,normal,23
data/processed/ravdess\03-01-06-01-02-01-24.wav,female,fearful,normal,24
data/processed/ravdess\03-01-06-01-02-02-01.wav,male,fearful,normal,01
data/processed/ravdess\03-01-06-01-02-02-02.wav,female,fearful,normal,02
data/processed/ravdess\03-01-06-01-02-02-03.wav,male,fearful,normal,03
data/processed/ravdess\03-01-06-01-02-02-04.wav,female,fearful,normal,04
data/processed/ravdess\03-01-06-01-02-02-05.wav,male,fearful,normal,05
data/processed/ravdess\03-01-06-01-02-02-06.wav,female,fearful,normal,06
data/processed/ravdess\03-01-06-01-02-02-07.wav,male,fearful,normal,07
data/processed/ravdess\03-01-06-01-02-02-08.wav,female,fearful,normal,08
data/processed/ravdess\03-01-06-01-02-02-09.wav,male,fearful,normal,09
data/processed/ravdess\03-01-06-01-02-02-10.wav,female,fearful,normal,10
data/processed/ravdess\03-01-06-01-02-02-11.wav,male,fearful,normal,11
data/processed/ravdess\03-01-06-01-02-02-12.wav,female,fearful,normal,12
data/processed/ravdess\03-01-06-01-02-02-13.wav,male,fearful,normal,13
data/processed/ravdess\03-01-06-01-02-02-14.wav,female,fearful,normal,14
data/processed/ravdess\03-01-06-01-02-02-15.wav,male,fearful,normal,15
data/processed/ravdess\03-01-06-01-02-02-16.wav,female,fearful,normal,16
data/processed/ravdess\03-01-06-01-02-02-17.wav,male,fearful,normal,17
data/processed/ravdess\03-01-06-01-02-02-18.wav,female,fearful,normal,18
data/processed/ravdess\03-01-06-01-02-02-19.wav,male,fearful,normal,19
data/processed/ravdess\03-01-06-01-02-02-20.wav,female,fearful,normal,20
data/processed/ravdess\03-01-06-01-02-02-21.wav,male,fearful,normal,21
data/processed/ravdess\03-01-06-01-02-02-22.wav,female,fearful,normal,22
data/processed/ravdess\03-01-06-01-02-02-23.wav,male,fearful,normal,23
data/processed/ravdess\03-01-06-01-02-02-24.wav,female,fearful,normal,24
data/processed/ravdess\03-01-06-02-01-01-01.wav,male,fearful,strong,01
data/processed/ravdess\03-01-06-02-01-01-02.wav,female,fearful,strong,02
data/processed/ravdess\03-01-06-02-01-01-03.wav,male,fearful,strong,03
data/processed/ravdess\03-01-06-02-01-01-04.wav,female,fearful,strong,04
data/processed/ravdess\03-01-06-02-01-01-05.wav,male,fearful,strong,05
data/processed/ravdess\03-01-06-02-01-01-06.wav,female,fearful,strong,06
data/processed/ravdess\03-01-06-02-01-01-07.wav,male,fearful,strong,07
data/processed/ravdess\03-01-06-02-01-01-08.wav,female,fearful,strong,08
data/processed/ravdess\03-01-06-02-01-01-09.wav,male,fearful,strong,09
data/processed/ravdess\03-01-06-02-01-01-10.wav,female,fearful,strong,10
data/processed/ravdess\03-01-06-02-01-01-11.wav,male,fearful,strong,11
data/processed/ravdess\03-01-06-02-01-01-12.wav,female,fearful,strong,12
data/processed/ravdess\03-01-06-02-01-01-13.wav,male,fearful,strong,13
data/processed/ravdess\03-01-06-02-01-01-14.wav,female,fearful,strong,14
data/processed/ravdess\03-01-06-02-01-01-15.wav,male,fearful,strong,15
data/processed/ravdess\03-01-06-02-01-01-16.wav,female,fearful,strong,16
data/processed/ravdess\03-01-06-02-01-01-17.wav,male,fearful,strong,17
data/processed/ravdess\03-01-06-02-01-01-18.wav,female,fearful,strong,18
data/processed/ravdess\03-01-06-02-01-01-19.wav,male,fearful,strong,19
data/processed/ravdess\03-01-06-02-01-01-20.wav,female,fearful,strong,20
data/processed/ravdess\03-01-06-02-01-01-21.wav,male,fearful,strong,21
data/processed/ravdess\03-01-06-02-01-01-22.wav,female,fearful,strong,22
data/processed/ravdess\03-01-06-02-01-01-23.wav,male,fearful,strong,23
data/processed/ravdess\03-01-06-02-01-01-24.wav,female,fearful,strong,24
data/processed/ravdess\03-01-06-02-01-02-01.wav,male,fearful,strong,01
data/processed/ravdess\03-01-06-02-01-02-02.wav,female,fearful,strong,02
data/processed/ravdess\03-01-06-02-01-02-03.wav,male,fearful,strong,03
data/processed/ravdess\03-01-06-02-01-02-04.wav,female,fearful,strong,04
data/processed/ravdess\03-01-06-02-01-02-05.wav,male,fearful,strong,05
data/processed/ravdess\03-01-06-02-01-02-06.wav,female,fearful,strong,06
data/processed/ravdess\03-01-06-02-01-02-07.wav,male,fearful,strong,07
data/processed/ravdess\03-01-06-02-01-02-08.wav,female,fearful,strong,08
data/processed/ravdess\03-01-06-02-01-02-09.wav,male,fearful,strong,09
data/processed/ravdess\03-01-06-02-01-02-10.wav,female,fearful,strong,10
data/processed/ravdess\03-01-06-02-01-02-11.wav,male,fearful,strong,11
data/processed/ravdess\03-01-06-02-01-02-12.wav,female,fearful,strong,12
data/processed/ravdess\03-01-06-02-01-02-13.wav,male,fearful,strong,13
data/processed/ravdess\03-01-06-02-01-02-14.wav,female,fearful,strong,14
data/processed/ravdess\03-01-06-02-01-02-15.wav,male,fearful,strong,15
data/processed/ravdess\03-01-06-02-01-02-16.wav,female,fearful,strong,16
data/processed/ravdess\03-01-06-02-01-02-17.wav,male,fearful,strong,17
data/processed/ravdess\03-01-06-02-01-02-18.wav,female,fearful,strong,18
data/processed/ravdess\03-01-06-02-01-02-19.wav,male,fearful,strong,19
data/processed/ravdess\03-01-06-02-01-02-20.wav,female,fearful,strong,20
data/processed/ravdess\03-01-06-02-01-02-21.wav,male,fearful,strong,21
data/processed/ravdess\03-01-06-02-01-02-22.wav,female,fearful,strong,22
data/processed/ravdess\03-01-06-02-01-02-23.wav,male,fearful,strong,23
data/processed/ravdess\03-01-06-02-01-02-24.wav,female,fearful,strong,24
data/processed/ravdess\03-01-06-02-02-01-01.wav,male,fearful,strong,01
data/processed/ravdess\03-01-06-02-02-01-02.wav,female,fearful,strong,02
data/processed/ravdess\03-01-06-02-02-01-03.wav,male,fearful,strong,03
data/processed/ravdess\03-01-06-02-02-01-04.wav,female,fearful,strong,04
data/processed/ravdess\03-01-06-02-02-01-05.wav,male,fearful,strong,05
data/processed/ravdess\03-01-06-02-02-01-06.wav,female,fearful,strong,06
data/processed/ravdess\03-01-06-02-02-01-07.wav,male,fearful,strong,07
data/processed/ravdess\03-01-06-02-02-01-08.wav,female,fearful,strong,08
data/processed/ravdess\03-01-06-02-02-01-09.wav,male,fearful,strong,09
data/processed/ravdess\03-01-06-02-02-01-10.wav,female,fearful,strong,10
data/processed/ravdess\03-01-06-02-02-01-11.wav,male,fearful,strong,11
data/processed/ravdess\03-01-06-02-02-01-12.wav,female,fearful,strong,12
data/processed/ravdess\03-01-06-02-02-01-13.wav,male,fearful,strong,13
data/processed/ravdess\03-01-06-02-02-01-14.wav,female,fearful,strong,14
data/processed/ravdess\03-01-06-02-02-01-15.wav,male,fearful,strong,15
data/processed/ravdess\03-01-06-02-02-01-16.wav,female,fearful,strong,16
data/processed/ravdess\03-01-06-02-02-01-17.wav,male,fearful,strong,17
data/processed/ravdess\03-01-06-02-02-01-18.wav,female,fearful,strong,18
data/processed/ravdess\03-01-06-02-02-01-19.wav,male,fearful,strong,19
data/processed/ravdess\03-01-06-02-02-01-20.wav,female,fearful,strong,20
data/processed/ravdess\03-01-06-02-02-01-21.wav,male,fearful,strong,21
data/processed/ravdess\03-01-06-02-02-01-22.wav,female,fearful,strong,22
data/processed/ravdess\03-01-06-02-02-01-23.wav,male,fearful,strong,23
data/processed/ravdess\03-01-06-02-02-01-24.wav,female,fearful,strong,24
data/processed/ravdess\03-01-06-02-02-02-01.wav,male,fearful,strong,01
data/processed/ravdess\03-01-06-02-02-02-02.wav,female,fearful,strong,02
data/processed/ravdess\03-01-06-02-02-02-03.wav,male,fearful,strong,03
data/processed/ravdess\03-01-06-02-02-02-04.wav,female,fearful,strong,04
data/processed/ravdess\03-01-06-02-02-02-05.wav,male,fearful,strong,05
data/processed/ravdess\03-01-06-02-02-02-06.wav,female,fearful,strong,06
data/processed/ravdess\03-01-06-02-02-02-07.wav,male,fearful,strong,07
data/processed/ravdess\03-01-06-02-02-02-08.wav,female,fearful,strong,08
data/processed/ravdess\03-01-06-02-02-02-09.wav,male,fearful,strong,09
data/processed/ravdess\03-01-06-02-02-02-10.wav,female,fearful,strong,10
data/processed/ravdess\03-01-06-02-02-02-11.wav,male,fearful,strong,11
data/processed/ravdess\03-01-06-02-02-02-12.wav,female,fearful,strong,12
data/processed/ravdess\03-01-06-02-02-02-13.wav,male,fearful,strong,13
data/processed/ravdess\03-01-06-02-02-02-14.wav,female,fearful,strong,14
data/processed/ravdess\03-01-06-02-02-02-15.wav,male,fearful,strong,15
data/processed/ravdess\03-01-06-02-02-02-16.wav,female,fearful,strong,16
data/processed/ravdess\03-01-06-02-02-02-17.wav,male,fearful,strong,17
data/processed/ravdess\03-01-06-02-02-02-18.wav,female,fearful,strong,18
data/processed/ravdess\03-01-06-02-02-02-19.wav,male,fearful,strong,19
data/processed/ravdess\03-01-06-02-02-02-20.wav,female,fearful,strong,20
data/processed/ravdess\03-01-06-02-02-02-21.wav,male,fearful,strong,21
data/processed/ravdess\03-01-06-02-02-02-22.wav,female,fearful,strong,22
data/processed/ravdess\03-01-06-02-02-02-23.wav,male,fearful,strong,23
data/processed/ravdess\03-01-06-02-02-02-24.wav,female,fearful,strong,24
data/processed/ravdess\03-01-07-01-01-01-01.wav,male,disgust,normal,01
data/processed/ravdess\03-01-07-01-01-01-02.wav,female,disgust,normal,02
data/processed/ravdess\03-01-07-01-01-01-03.wav,male,disgust,normal,03
data/processed/ravdess\03-01-07-01-01-01-04.wav,female,disgust,normal,04
data/processed/ravdess\03-01-07-01-01-01-05.wav,male,disgust,normal,05
data/processed/ravdess\03-01-07-01-01-01-06.wav,female,disgust,normal,06
data/processed/ravdess\03-01-07-01-01-01-07.wav,male,disgust,normal,07
data/processed/ravdess\03-01-07-01-01-01-08.wav,female,disgust,normal,08
data/processed/ravdess\03-01-07-01-01-01-09.wav,male,disgust,normal,09
data/processed/ravdess\03-01-07-01-01-01-10.wav,female,disgust,normal,10
data/processed/ravdess\03-01-07-01-01-01-11.wav,male,disgust,normal,11
data/processed/ravdess\03-01-07-01-01-01-12.wav,female,disgust,normal,12
data/processed/ravdess\03-01-07-01-01-01-13.wav,male,disgust,normal,13
data/processed/ravdess\03-01-07-01-01-01-14.wav,female,disgust,normal,14
data/processed/ravdess\03-01-07-01-01-01-15.wav,male,disgust,normal,15
data/processed/ravdess\03-01-07-01-01-01-16.wav,female,disgust,normal,16
data/processed/ravdess\03-01-07-01-01-01-17.wav,male,disgust,normal,17
data/processed/ravdess\03-01-07-01-01-01-18.wav,female,disgust,normal,18
data/processed/ravdess\03-01-07-01-01-01-19.wav,male,disgust,normal,19
data/processed/ravdess\03-01-07-01-01-01-20.wav,female,disgust,normal,20
data/processed/ravdess\03-01-07-01-01-01-21.wav,male,disgust,normal,21
data/processed/ravdess\03-01-07-01-01-01-22.wav,female,disgust,normal,22
data/processed/ravdess\03-01-07-01-01-01-23.wav,male,disgust,normal,23
data/processed/ravdess\03-01-07-01-01-01-24.wav,female,disgust,normal,24
data/processed/ravdess\03-01-07-01-01-02-01.wav,male,disgust,normal,01
data/processed/ravdess\03-01-07-01-01-02-02.wav,female,disgust,normal,02
data/processed/ravdess\03-01-07-01-01-02-03.wav,male,disgust,normal,03
data/processed/ravdess\03-01-07-01-01-02-04.wav,female,disgust,normal,04
data/processed/ravdess\03-01-07-01-01-02-05.wav,male,disgust,normal,05
data/processed/ravdess\03-01-07-01-01-02-06.wav,female,disgust,normal,06
data/processed/ravdess\03-01-07-01-01-02-07.wav,male,disgust,normal,07
data/processed/ravdess\03-01-07-01-01-02-08.wav,female,disgust,normal,08
data/processed/ravdess\03-01-07-01-01-02-09.wav,male,disgust,normal,09
data/processed/ravdess\03-01-07-01-01-02-10.wav,female,disgust,normal,10
data/processed/ravdess\03-01-07-01-01-02-11.wav,male,disgust,normal,11
data/processed/ravdess\03-01-07-01-01-02-12.wav,female,disgust,normal,12
data/processed/ravdess\03-01-07-01-01-02-13.wav,male,disgust,normal,13
data/processed/ravdess\03-01-07-01-01-02-14.wav,female,disgust,normal,14
data/processed/ravdess\03-01-07-01-01-02-15.wav,male,disgust,normal,15
data/processed/ravdess\03-01-07-01-01-02-16.wav,female,disgust,normal,16
data/processed/ravdess\03-01-07-01-01-02-17.wav,male,disgust,normal,17
data/processed/ravdess\03-01-07-01-01-02-18.wav,female,disgust,normal,18
data/processed/ravdess\03-01-07-01-01-02-19.wav,male,disgust,normal,19
data/processed/ravdess\03-01-07-01-01-02-20.wav,female,disgust,normal,20
data/processed/ravdess\03-01-07-01-01-02-21.wav,male,disgust,normal,21
data/processed/ravdess\03-01-07-01-01-02-22.wav,female,disgust,normal,22
data/processed/ravdess\03-01-07-01-01-02-23.wav,male,disgust,normal,23
data/processed/ravdess\03-01-07-01-01-02-24.wav,female,disgust,normal,24
data/processed/ravdess\03-01-07-01-02-01-01.wav,male,disgust,normal,01
data/processed/ravdess\03-01-07-01-02-01-02.wav,female,disgust,normal,02
data/processed/ravdess\03-01-07-01-02-01-03.wav,male,disgust,normal,03
data/processed/ravdess\03-01-07-01-02-01-04.wav,female,disgust,normal,04
data/processed/ravdess\03-01-07-01-02-01-05.wav,male,disgust,normal,05
data/processed/ravdess\03-01-07-01-02-01-06.wav,female,disgust,normal,06
data/processed/ravdess\03-01-07-01-02-01-07.wav,male,disgust,normal,07
data/processed/ravdess\03-01-07-01-02-01-08.wav,female,disgust,normal,08
data/processed/ravdess\03-01-07-01-02-01-09.wav,male,disgust,normal,09
data/processed/ravdess\03-01-07-01-02-01-10.wav,female,disgust,normal,10
data/processed/ravdess\03-01-07-01-02-01-11.wav,male,disgust,normal,11
data/processed/ravdess\03-01-07-01-02-01-12.wav,female,disgust,normal,12
data/processed/ravdess\03-01-07-01-02-01-13.wav,male,disgust,normal,13
data/processed/ravdess\03-01-07-01-02-01-14.wav,female,disgust,normal,14
data/processed/ravdess\03-01-07-01-02-01-15.wav,male,disgust,normal,15
data/processed/ravdess\03-01-07-01-02-01-16.wav,female,disgust,normal,16
data/processed/ravdess\03-01-07-01-02-01-17.wav,male,disgust,normal,17
data/processed/ravdess\03-01-07-01-02-01-18.wav,female,disgust,normal,18
data/processed/ravdess\03-01-07-01-02-01-19.wav,male,disgust,normal,19
data/processed/ravdess\03-01-07-01-02-01-20.wav,female,disgust,normal,20
data/processed/ravdess\03-01-07-01-02-01-21.wav,male,disgust,normal,21
data/processed/ravdess\03-01-07-01-02-01-22.wav,female,disgust,normal,22
data/processed/ravdess\03-01-07-01-02-01-23.wav,male,disgust,normal,23
data/processed/ravdess\03-01-07-01-02-01-24.wav,female,disgust,normal,24
data/processed/ravdess\03-01-07-01-02-02-01.wav,male,disgust,normal,01
data/processed/ravdess\03-01-07-01-02-02-02.wav,female,disgust,normal,02
data/processed/ravdess\03-01-07-01-02-02-03.wav,male,disgust,normal,03
data/processed/ravdess\03-01-07-01-02-02-04.wav,female,disgust,normal,04
data/processed/ravdess\03-01-07-01-02-02-05.wav,male,disgust,normal,05
data/processed/ravdess\03-01-07-01-02-02-06.wav,female,disgust,normal,06
data/processed/ravdess\03-01-07-01-02-02-07.wav,male,disgust,normal,07
data/processed/ravdess\03-01-07-01-02-02-08.wav,female,disgust,normal,08
data/processed/ravdess\03-01-07-01-02-02-09.wav,male,disgust,normal,09
data/processed/ravdess\03-01-07-01-02-02-10.wav,female,disgust,normal,10
data/processed/ravdess\03-01-07-01-02-02-11.wav,male,disgust,normal,11
data/processed/ravdess\03-01-07-01-02-02-12.wav,female,disgust,normal,12
data/processed/ravdess\03-01-07-01-02-02-13.wav,male,disgust,normal,13
data/processed/ravdess\03-01-07-01-02-02-14.wav,female,disgust,normal,14
data/processed/ravdess\03-01-07-01-02-02-15.wav,male,disgust,normal,15
data/processed/ravdess\03-01-07-01-02-02-16.wav,female,disgust,normal,16
data/processed/ravdess\03-01-07-01-02-02-17.wav,male,disgust,normal,17
data/processed/ravdess\03-01-07-01-02-02-18.wav,female,disgust,normal,18
data/processed/ravdess\03-01-07-01-02-02-19.wav,male,disgust,normal,19
data/processed/ravdess\03-01-07-01-02-02-20.wav,female,disgust,normal,20
data/processed/ravdess\03-01-07-01-02-02-21.wav,male,disgust,normal,21
data/processed/ravdess\03-01-07-01-02-02-22.wav,female,disgust,normal,22
data/processed/ravdess\03-01-07-01-02-02-23.wav,male,disgust,normal,23
data/processed/ravdess\03-01-07-01-02-02-24.wav,female,disgust,normal,24
data/processed/ravdess\03-01-07-02-01-01-01.wav,male,disgust,strong,01
data/processed/ravdess\03-01-07-02-01-01-02.wav,female,disgust,strong,02
data/processed/ravdess\03-01-07-02-01-01-03.wav,male,disgust,strong,03
data/processed/ravdess\03-01-07-02-01-01-04.wav,female,disgust,strong,04
data/processed/ravdess\03-01-07-02-01-01-05.wav,male,disgust,strong,05
data/processed/ravdess\03-01-07-02-01-01-06.wav,female,disgust,strong,06
data/processed/ravdess\03-01-07-02-01-01-07.wav,male,disgust,strong,07
data/processed/ravdess\03-01-07-02-01-01-08.wav,female,disgust,strong,08
data/processed/ravdess\03-01-07-02-01-01-09.wav,male,disgust,strong,09
data/processed/ravdess\03-01-07-02-01-01-10.wav,female,disgust,strong,10
data/processed/ravdess\03-01-07-02-01-01-11.wav,male,disgust,strong,11
data/processed/ravdess\03-01-07-02-01-01-12.wav,female,disgust,strong,12
data/processed/ravdess\03-01-07-02-01-01-13.wav,male,disgust,strong,13
data/processed/ravdess\03-01-07-02-01-01-14.wav,female,disgust,strong,14
data/processed/ravdess\03-01-07-02-01-01-15.wav,male,disgust,strong,15
data/processed/ravdess\03-01-07-02-01-01-16.wav,female,disgust,strong,16
data/processed/ravdess\03-01-07-02-01-01-17.wav,male,disgust,strong,17
data/processed/ravdess\03-01-07-02-01-01-18.wav,female,disgust,strong,18
data/processed/ravdess\03-01-07-02-01-01-19.wav,male,disgust,strong,19
data/processed/ravdess\03-01-07-02-01-01-20.wav,female,disgust,strong,20
data/processed/ravdess\03-01-07-02-01-01-21.wav,male,disgust,strong,21
data/processed/ravdess\03-01-07-02-01-01-22.wav,female,disgust,strong,22
data/processed/ravdess\03-01-07-02-01-01-23.wav,male,disgust,strong,23
data/processed/ravdess\03-01-07-02-01-01-24.wav,female,disgust,strong,24
data/processed/ravdess\03-01-07-02-01-02-01.wav,male,disgust,strong,01
data/processed/ravdess\03-01-07-02-01-02-02.wav,female,disgust,strong,02
data/processed/ravdess\03-01-07-02-01-02-03.wav,male,disgust,strong,03
data/processed/ravdess\03-01-07-02-01-02-04.wav,female,disgust,strong,04
data/processed/ravdess\03-01-07-02-01-02-05.wav,male,disgust,strong,05
data/processed/ravdess\03-01-07-02-01-02-06.wav,female,disgust,strong,06
data/processed/ravdess\03-01-07-02-01-02-07.wav,male,disgust,strong,07
data/processed/ravdess\03-01-07-02-01-02-08.wav,female,disgust,strong,08
data/processed/ravdess\03-01-07-02-01-02-09.wav,male,disgust,strong,09
data/processed/ravdess\03-01-07-02-01-02-10.wav,female,disgust,strong,10
data/processed/ravdess\03-01-07-02-01-02-11.wav,male,disgust,strong,11
data/processed/ravdess\03-01-07-02-01-02-12.wav,female,disgust,strong,12
data/processed/ravdess\03-01-07-02-01-02-13.wav,male,disgust,strong,13
data/processed/ravdess\03-01-07-02-01-02-14.wav,female,disgust,strong,14
data/processed/ravdess\03-01-07-02-01-02-15.wav,male,disgust,strong,15
data/processed/ravdess\03-01-07-02-01-02-16.wav,female,disgust,strong,16
data/processed/ravdess\03-01-07-02-01-02-17.wav,male,disgust,strong,17
data/processed/ravdess\03-01-07-02-01-02-18.wav,female,disgust,strong,18
data/processed/ravdess\03-01-07-02-01-02-19.wav,male,disgust,strong,19
data/processed/ravdess\03-01-07-02-01-02-20.wav,female,disgust,strong,20
data/processed/ravdess\03-01-07-02-01-02-21.wav,male,disgust,strong,21
data/processed/ravdess\03-01-07-02-01-02-22.wav,female,disgust,strong,22
data/processed/ravdess\03-01-07-02-01-02-23.wav,male,disgust,strong,23
data/processed/ravdess\03-01-07-02-01-02-24.wav,female,disgust,strong,24
data/processed/ravdess\03-01-07-02-02-01-01.wav,male,disgust,strong,01
data/processed/ravdess\03-01-07-02-02-01-02.wav,female,disgust,strong,02
data/processed/ravdess\03-01-07-02-02-01-03.wav,male,disgust,strong,03
data/processed/ravdess\03-01-07-02-02-01-04.wav,female,disgust,strong,04
data/processed/ravdess\03-01-07-02-02-01-05.wav,male,disgust,strong,05
data/processed/ravdess\03-01-07-02-02-01-06.wav,female,disgust,strong,06
data/processed/ravdess\03-01-07-02-02-01-07.wav,male,disgust,strong,07
data/processed/ravdess\03-01-07-02-02-01-08.wav,female,disgust,strong,08
data/processed/ravdess\03-01-07-02-02-01-09.wav,male,disgust,strong,09
data/processed/ravdess\03-01-07-02-02-01-10.wav,female,disgust,strong,10
data/processed/ravdess\03-01-07-02-02-01-11.wav,male,disgust,strong,11
data/processed/ravdess\03-01-07-02-02-01-12.wav,female,disgust,strong,12
data/processed/ravdess\03-01-07-02-02-01-13.wav,male,disgust,strong,13
data/processed/ravdess\03-01-07-02-02-01-14.wav,female,disgust,strong,14
data/processed/ravdess\03-01-07-02-02-01-15.wav,male,disgust,strong,15
data/processed/ravdess\03-01-07-02-02-01-16.wav,female,disgust,strong,16
data/processed/ravdess\03-01-07-02-02-01-17.wav,male,disgust,strong,17
data/processed/ravdess\03-01-07-02-02-01-18.wav,female,disgust,strong,18
data/processed/ravdess\03-01-07-02-02-01-19.wav,male,disgust,strong,19
data/processed/ravdess\03-01-07-02-02-01-20.wav,female,disgust,strong,20
data/processed/ravdess\03-01-07-02-02-01-21.wav,male,disgust,strong,21
data/processed/ravdess\03-01-07-02-02-01-22.wav,female,disgust,strong,22
data/processed/ravdess\03-01-07-02-02-01-23.wav,male,disgust,strong,23
data/processed/ravdess\03-01-07-02-02-01-24.wav,female,disgust,strong,24
data/processed/ravdess\03-01-07-02-02-02-01.wav,male,disgust,strong,01
data/processed/ravdess\03-01-07-02-02-02-02.wav,female,disgust,strong,02
data/processed/ravdess\03-01-07-02-02-02-03.wav,male,disgust,strong,03
data/processed/ravdess\03-01-07-02-02-02-04.wav,female,disgust,strong,04
data/processed/ravdess\03-01-07-02-02-02-05.wav,male,disgust,strong,05
data/processed/ravdess\03-01-07-02-02-02-06.wav,female,disgust,strong,06
data/processed/ravdess\03-01-07-02-02-02-07.wav,male,disgust,strong,07
data/processed/ravdess\03-01-07-02-02-02-08.wav,female,disgust,strong,08
data/processed/ravdess\03-01-07-02-02-02-09.wav,male,disgust,strong,09
data/processed/ravdess\03-01-07-02-02-02-10.wav,female,disgust,strong,10
data/processed/ravdess\03-01-07-02-02-02-11.wav,male,disgust,strong,11
data/processed/ravdess\03-01-07-02-02-02-12.wav,female,disgust,strong,12
data/processed/ravdess\03-01-07-02-02-02-13.wav,male,disgust,strong,13
data/processed/ravdess\03-01-07-02-02-02-14.wav,female,disgust,strong,14
data/processed/ravdess\03-01-07-02-02-02-15.wav,male,disgust,strong,15
data/processed/ravdess\03-01-07-02-02-02-16.wav,female,disgust,strong,16
data/processed/ravdess\03-01-07-02-02-02-17.wav,male,disgust,strong,17
data/processed/ravdess\03-01-07-02-02-02-18.wav,female,disgust,strong,18
data/processed/ravdess\03-01-07-02-02-02-19.wav,male,disgust,strong,19
data/processed/ravdess\03-01-07-02-02-02-20.wav,female,disgust,strong,20
data/processed/ravdess\03-01-07-02-02-02-21.wav,male,disgust,strong,21
data/processed/ravdess\03-01-07-02-02-02-22.wav,female,disgust,strong,22
data/processed/ravdess\03-01-07-02-02-02-23.wav,male,disgust,strong,23
data/processed/ravdess\03-01-07-02-02-02-24.wav,female,disgust,strong,24
data/processed/ravdess\03-01-08-01-01-01-01.wav,male,surprised,normal,01
data/processed/ravdess\03-01-08-01-01-01-02.wav,female,surprised,normal,02
data/processed/ravdess\03-01-08-01-01-01-03.wav,male,surprised,normal,03
data/processed/ravdess\03-01-08-01-01-01-04.wav,female,surprised,normal,04
data/processed/ravdess\03-01-08-01-01-01-05.wav,male,surprised,normal,05
data/processed/ravdess\03-01-08-01-01-01-06.wav,female,surprised,normal,06
data/processed/ravdess\03-01-08-01-01-01-07.wav,male,surprised,normal,07
data/processed/ravdess\03-01-08-01-01-01-08.wav,female,surprised,normal,08
data/processed/ravdess\03-01-08-01-01-01-09.wav,male,surprised,normal,09
data/processed/ravdess\03-01-08-01-01-01-10.wav,female,surprised,normal,10
data/processed/ravdess\03-01-08-01-01-01-11.wav,male,surprised,normal,11
data/processed/ravdess\03-01-08-01-01-01-12.wav,female,surprised,normal,12
data/processed/ravdess\03-01-08-01-01-01-13.wav,male,surprised,normal,13
data/processed/ravdess\03-01-08-01-01-01-14.wav,female,surprised,normal,14
data/processed/ravdess\03-01-08-01-01-01-15.wav,male,surprised,normal,15
data/processed/ravdess\03-01-08-01-01-01-16.wav,female,surprised,normal,16
data/processed/ravdess\03-01-08-01-01-01-17.wav,male,surprised,normal,17
data/processed/ravdess\03-01-08-01-01-01-18.wav,female,surprised,normal,18
data/processed/ravdess\03-01-08-01-01-01-19.wav,male,surprised,normal,19
data/processed/ravdess\03-01-08-01-01-01-20.wav,female,surprised,normal,20
data/processed/ravdess\03-01-08-01-01-01-21.wav,male,surprised,normal,21
data/processed/ravdess\03-01-08-01-01-01-22.wav,female,surprised,normal,22
data/processed/ravdess\03-01-08-01-01-01-23.wav,male,surprised,normal,23
data/processed/ravdess\03-01-08-01-01-01-24.wav,female,surprised,normal,24
data/processed/ravdess\03-01-08-01-01-02-01.wav,male,surprised,normal,01
data/processed/ravdess\03-01-08-01-01-02-02.wav,female,surprised,normal,02
data/processed/ravdess\03-01-08-01-01-02-03.wav,male,surprised,normal,03
data/processed/ravdess\03-01-08-01-01-02-04.wav,female,surprised,normal,04
data/processed/ravdess\03-01-08-01-01-02-05.wav,male,surprised,normal,05
data/processed/ravdess\03-01-08-01-01-02-06.wav,female,surprised,normal,06
data/processed/ravdess\03-01-08-01-01-02-07.wav,male,surprised,normal,07
data/processed/ravdess\03-01-08-01-01-02-08.wav,female,surprised,normal,08
data/processed/ravdess\03-01-08-01-01-02-09.wav,male,surprised,normal,09
data/processed/ravdess\03-01-08-01-01-02-10.wav,female,surprised,normal,10
data/processed/ravdess\03-01-08-01-01-02-11.wav,male,surprised,normal,11
data/processed/ravdess\03-01-08-01-01-02-12.wav,female,surprised,normal,12
data/processed/ravdess\03-01-08-01-01-02-13.wav,male,surprised,normal,13
data/processed/ravdess\03-01-08-01-01-02-14.wav,female,surprised,normal,14
data/processed/ravdess\03-01-08-01-01-02-15.wav,male,surprised,normal,15
data/processed/ravdess\03-01-08-01-01-02-16.wav,female,surprised,normal,16
data/processed/ravdess\03-01-08-01-01-02-17.wav,male,surprised,normal,17
data/processed/ravdess\03-01-08-01-01-02-18.wav,female,surprised,normal,18
data/processed/ravdess\03-01-08-01-01-02-19.wav,male,surprised,normal,19
data/processed/ravdess\03-01-08-01-01-02-20.wav,female,surprised,normal,20
data/processed/ravdess\03-01-08-01-01-02-21.wav,male,surprised,normal,21
data/processed/ravdess\03-01-08-01-01-02-22.wav,female,surprised,normal,22
data/processed/ravdess\03-01-08-01-01-02-23.wav,male,surprised,normal,23
data/processed/ravdess\03-01-08-01-01-02-24.wav,female,surprised,normal,24
data/processed/ravdess\03-01-08-01-02-01-01.wav,male,surprised,normal,01
data/processed/ravdess\03-01-08-01-02-01-02.wav,female,surprised,normal,02
data/processed/ravdess\03-01-08-01-02-01-03.wav,male,surprised,normal,03
data/processed/ravdess\03-01-08-01-02-01-04.wav,female,surprised,normal,04
data/processed/ravdess\03-01-08-01-02-01-05.wav,male,surprised,normal,05
data/processed/ravdess\03-01-08-01-02-01-06.wav,female,surprised,normal,06
data/processed/ravdess\03-01-08-01-02-01-07.wav,male,surprised,normal,07
data/processed/ravdess\03-01-08-01-02-01-08.wav,female,surprised,normal,08
data/processed/ravdess\03-01-08-01-02-01-09.wav,male,surprised,normal,09
data/processed/ravdess\03-01-08-01-02-01-10.wav,female,surprised,normal,10
data/processed/ravdess\03-01-08-01-02-01-11.wav,male,surprised,normal,11
data/processed/ravdess\03-01-08-01-02-01-12.wav,female,surprised,normal,12
data/processed/ravdess\03-01-08-01-02-01-13.wav,male,surprised,normal,13
data/processed/ravdess\03-01-08-01-02-01-14.wav,female,surprised,normal,14
data/processed/ravdess\03-01-08-01-02-01-15.wav,male,surprised,normal,15
data/processed/ravdess\03-01-08-01-02-01-16.wav,female,surprised,normal,16
data/processed/ravdess\03-01-08-01-02-01-17.wav,male,surprised,normal,17
data/processed/ravdess\03-01-08-01-02-01-18.wav,female,surprised,normal,18
data/processed/ravdess\03-01-08-01-02-01-19.wav,male,surprised,normal,19
data/processed/ravdess\03-01-08-01-02-01-20.wav,female,surprised,normal,20
data/processed/ravdess\03-01-08-01-02-01-21.wav,male,surprised,normal,21
data/processed/ravdess\03-01-08-01-02-01-22.wav,female,surprised,normal,22
data/processed/ravdess\03-01-08-01-02-01-23.wav,male,surprised,normal,23
data/processed/ravdess\03-01-08-01-02-01-24.wav,female,surprised,normal,24
data/processed/ravdess\03-01-08-01-02-02-01.wav,male,surprised,normal,01
data/processed/ravdess\03-01-08-01-02-02-02.wav,female,surprised,normal,02
data/processed/ravdess\03-01-08-01-02-02-03.wav,male,surprised,normal,03
data/processed/ravdess\03-01-08-01-02-02-04.wav,female,surprised,normal,04
data/processed/ravdess\03-01-08-01-02-02-05.wav,male,surprised,normal,05
data/processed/ravdess\03-01-08-01-02-02-06.wav,female,surprised,normal,06
data/processed/ravdess\03-01-08-01-02-02-07.wav,male,surprised,normal,07
data/processed/ravdess\03-01-08-01-02-02-08.wav,female,surprised,normal,08
data/processed/ravdess\03-01-08-01-02-02-09.wav,male,surprised,normal,09
data/processed/ravdess\03-01-08-01-02-02-10.wav,female,surprised,normal,10
data/processed/ravdess\03-01-08-01-02-02-11.wav,male,surprised,normal,11
data/processed/ravdess\03-01-08-01-02-02-12.wav,female,surprised,normal,12
data/processed/ravdess\03-01-08-01-02-02-13.wav,male,surprised,normal,13
data/processed/ravdess\03-01-08-01-02-02-14.wav,female,surprised,normal,14
data/processed/ravdess\03-01-08-01-02-02-15.wav,male,surprised,normal,15
data/processed/ravdess\03-01-08-01-02-02-16.wav,female,surprised,normal,16
data/processed/ravdess\03-01-08-01-02-02-17.wav,male,surprised,normal,17
data/processed/ravdess\03-01-08-01-02-02-18.wav,female,surprised,normal,18
data/processed/ravdess\03-01-08-01-02-02-19.wav,male,surprised,normal,19
data/processed/ravdess\03-01-08-01-02-02-20.wav,female,surprised,normal,20
data/processed/ravdess\03-01-08-01-02-02-21.wav,male,surprised,normal,21
data/processed/ravdess\03-01-08-01-02-02-22.wav,female,surprised,normal,22
data/processed/ravdess\03-01-08-01-02-02-23.wav,male,surprised,normal,23
data/processed/ravdess\03-01-08-01-02-02-24.wav,female,surprised,normal,24
data/processed/ravdess\03-01-08-02-01-01-01.wav,male,surprised,strong,01
data/processed/ravdess\03-01-08-02-01-01-02.wav,female,surprised,strong,02
data/processed/ravdess\03-01-08-02-01-01-03.wav,male,surprised,strong,03
data/processed/ravdess\03-01-08-02-01-01-04.wav,female,surprised,strong,04
data/processed/ravdess\03-01-08-02-01-01-05.wav,male,surprised,strong,05
data/processed/ravdess\03-01-08-02-01-01-06.wav,female,surprised,strong,06
data/processed/ravdess\03-01-08-02-01-01-07.wav,male,surprised,strong,07
data/processed/ravdess\03-01-08-02-01-01-08.wav,female,surprised,strong,08
data/processed/ravdess\03-01-08-02-01-01-09.wav,male,surprised,strong,09
data/processed/ravdess\03-01-08-02-01-01-10.wav,female,surprised,strong,10
data/processed/ravdess\03-01-08-02-01-01-11.wav,male,surprised,strong,11
data/processed/ravdess\03-01-08-02-01-01-12.wav,female,surprised,strong,12
data/processed/ravdess\03-01-08-02-01-01-13.wav,male,surprised,strong,13
data/processed/ravdess\03-01-08-02-01-01-14.wav,female,surprised,strong,14
data/processed/ravdess\03-01-08-02-01-01-15.wav,male,surprised,strong,15
data/processed/ravdess\03-01-08-02-01-01-16.wav,female,surprised,strong,16
data/processed/ravdess\03-01-08-02-01-01-17.wav,male,surprised,strong,17
data/processed/ravdess\03-01-08-02-01-01-18.wav,female,surprised,strong,18
data/processed/ravdess\03-01-08-02-01-01-19.wav,male,surprised,strong,19
data/processed/ravdess\03-01-08-02-01-01-20.wav,female,surprised,strong,20
data/processed/ravdess\03-01-08-02-01-01-21.wav,male,surprised,strong,21
data/processed/ravdess\03-01-08-02-01-01-22.wav,female,surprised,strong,22
data/processed/ravdess\03-01-08-02-01-01-23.wav,male,surprised,strong,23
data/processed/ravdess\03-01-08-02-01-01-24.wav,female,surprised,strong,24
data/processed/ravdess\03-01-08-02-01-02-01.wav,male,surprised,strong,01
data/processed/ravdess\03-01-08-02-01-02-02.wav,female,surprised,strong,02
data/processed/ravdess\03-01-08-02-01-02-03.wav,male,surprised,strong,03
data/processed/ravdess\03-01-08-02-01-02-04.wav,female,surprised,strong,04
data/processed/ravdess\03-01-08-02-01-02-05.wav,male,surprised,strong,05
data/processed/ravdess\03-01-08-02-01-02-06.wav,female,surprised,strong,06
data/processed/ravdess\03-01-08-02-01-02-07.wav,male,surprised,strong,07
data/processed/ravdess\03-01-08-02-01-02-08.wav,female,surprised,strong,08
data/processed/ravdess\03-01-08-02-01-02-09.wav,male,surprised,strong,09
data/processed/ravdess\03-01-08-02-01-02-10.wav,female,surprised,strong,10
data/processed/ravdess\03-01-08-02-01-02-11.wav,male,surprised,strong,11
data/processed/ravdess\03-01-08-02-01-02-12.wav,female,surprised,strong,12
data/processed/ravdess\03-01-08-02-01-02-13.wav,male,surprised,strong,13
data/processed/ravdess\03-01-08-02-01-02-14.wav,female,surprised,strong,14
data/processed/ravdess\03-01-08-02-01-02-15.wav,male,surprised,strong,15
data/processed/ravdess\03-01-08-02-01-02-16.wav,female,surprised,strong,16
data/processed/ravdess\03-01-08-02-01-02-17.wav,male,surprised,strong,17
data/processed/ravdess\03-01-08-02-01-02-18.wav,female,surprised,strong,18
data/processed/ravdess\03-01-08-02-01-02-19.wav,male,surprised,strong,19
data/processed/ravdess\03-01-08-02-01-02-20.wav,female,surprised,strong,20
data/processed/ravdess\03-01-08-02-01-02-21.wav,male,surprised,strong,21
data/processed/ravdess\03-01-08-02-01-02-22.wav,female,surprised,strong,22
data/processed/ravdess\03-01-08-02-01-02-23.wav,male,surprised,strong,23
data/processed/ravdess\03-01-08-02-01-02-24.wav,female,surprised,strong,24
data/processed/ravdess\03-01-08-02-02-01-01.wav,male,surprised,strong,01
data/processed/ravdess\03-01-08-02-02-01-02.wav,female,surprised,strong,02
data/processed/ravdess\03-01-08-02-02-01-03.wav,male,surprised,strong,03
data/processed/ravdess\03-01-08-02-02-01-04.wav,female,surprised,strong,04
data/processed/ravdess\03-01-08-02-02-01-05.wav,male,surprised,strong,05
data/processed/ravdess\03-01-08-02-02-01-06.wav,female,surprised,strong,06
data/processed/ravdess\03-01-08-02-02-01-07.wav,male,surprised,strong,07
data/processed/ravdess\03-01-08-02-02-01-08.wav,female,surprised,strong,08
data/processed/ravdess\03-01-08-02-02-01-09.wav,male,surprised,strong,09
data/processed/ravdess\03-01-08-02-02-01-10.wav,female,surprised,strong,10
data/processed/ravdess\03-01-08-02-02-01-11.wav,male,surprised,strong,11
data/processed/ravdess\03-01-08-02-02-01-12.wav,female,surprised,strong,12
data/processed/ravdess\03-01-08-02-02-01-13.wav,male,surprised,strong,13
data/processed/ravdess\03-01-08-02-02-01-14.wav,female,surprised,strong,14
data/processed/ravdess\03-01-08-02-02-01-15.wav,male,surprised,strong,15
data/processed/ravdess\03-01-08-02-02-01-16.wav,female,surprised,strong,16
data/processed/ravdess\03-01-08-02-02-01-17.wav,male,surprised,strong,17
data/processed/ravdess\03-01-08-02-02-01-18.wav,female,surprised,strong,18
data/processed/ravdess\03-01-08-02-02-01-19.wav,male,surprised,strong,19
data/processed/ravdess\03-01-08-02-02-01-20.wav,female,surprised,strong,20
data/processed/ravdess\03-01-08-02-02-01-21.wav,male,surprised,strong,21
data/processed/ravdess\03-01-08-02-02-01-22.wav,female,surprised,strong,22
data/processed/ravdess\03-01-08-02-02-01-23.wav,male,surprised,strong,23
data/processed/ravdess\03-01-08-02-02-01-24.wav,female,surprised,strong,24
data/processed/ravdess\03-01-08-02-02-02-01.wav,male,surprised,strong,01
data/processed/ravdess\03-01-08-02-02-02-02.wav,female,surprised,strong,02
data/processed/ravdess\03-01-08-02-02-02-03.wav,male,surprised,strong,03
data/processed/ravdess\03-01-08-02-02-02-04.wav,female,surprised,strong,04
data/processed/ravdess\03-01-08-02-02-02-05.wav,male,surprised,strong,05
data/processed/ravdess\03-01-08-02-02-02-06.wav,female,surprised,strong,06
data/processed/ravdess\03-01-08-02-02-02-07.wav,male,surprised,strong,07
data/processed/ravdess\03-01-08-02-02-02-08.wav,female,surprised,strong,08
data/processed/ravdess\03-01-08-02-02-02-09.wav,male,surprised,strong,09
data/processed/ravdess\03-01-08-02-02-02-10.wav,female,surprised,strong,10
data/processed/ravdess\03-01-08-02-02-02-11.wav,male,surprised,strong,11
data/processed/ravdess\03-01-08-02-02-02-12.wav,female,surprised,strong,12
data/processed/ravdess\03-01-08-02-02-02-13.wav,male,surprised,strong,13
data/processed/ravdess\03-01-08-02-02-02-14.wav,female,surprised,strong,14
data/processed/ravdess\03-01-08-02-02-02-15.wav,male,surprised,strong,15
data/processed/ravdess\03-01-08-02-02-02-16.wav,female,surprised,strong,16
data/processed/ravdess\03-01-08-02-02-02-17.wav,male,surprised,strong,17
data/processed/ravdess\03-01-08-02-02-02-18.wav,female,surprised,strong,18
data/processed/ravdess\03-01-08-02-02-02-19.wav,male,surprised,strong,19
data/processed/ravdess\03-01-08-02-02-02-20.wav,female,surprised,strong,20
data/processed/ravdess\03-01-08-02-02-02-21.wav,male,surprised,strong,21
data/processed/ravdess\03-01-08-02-02-02-22.wav,female,surprised,strong,22
data/processed/ravdess\03-01-08-02-02-02-23.wav,male,surprised,strong,23
data/processed/ravdess\03-01-08-02-02-02-24.wav,female,surprised,strong,24
